aed-black-22,park-film-black-22,0.31,0.60,0.84,pit-toilet-black-22,0.33,0.65,0.77,ticket-sales-black-22,0.30,0.73,0.62,maps-black-22,0.37,0.75,0.76,museum-black-22,0.32,0.78,0.71,flower-viewing-black-22,0.33,0.82,0.94,first-aid-black-22,0.35,0.84,0.99,generators-black-22,0.37,0.88,0.99,sewer-hookup-black-22,0.41,0.88,0.77,photography-black-22,0.35,0.92,0.83,parking-black-22,0.33,0.96,0.73,quagga-mussel-decontamination-station-black-22,0.34,0.96,0.77,souvenir-shop-black-22,0.36,0.96,0.90,trucks-black-22,0.39,0.99,0.87,sanitary-disposal-station-black-22,0.42,1.02,0.91,junior-ranger-program-black-22,0.38,1.03,0.89,life-jackets-black-22,0.45,1.09,0.87,bridge-black-22,0.35,1.10,0.61,newspaper-black-22,0.44,1.10,0.99,vehicle-ferry-black-22,0.37,1.12,0.70,boat-tour-black-22,0.42,1.13,0.75,lounge-black-22,0.48,1.13,0.84,bear-spray-return-recycling-black-22,0.38,1.17,0.64,sign-language-interpretation-black-22,0.36,1.18,0.57
airboat-black-22,motorboating-black-22,0.17,0.66,0.91,rowboating-black-22,0.23,0.83,0.85,tubing-black-22,0.24,0.96,0.97,vehicle-ferry-black-22,0.29,1.01,0.76,waterfowl-black-22,0.28,1.13,0.93,floating-dump-station-black-22,0.28,1.19,0.97,shipwreck-black-22,0.26,1.19,0.78,snack-bar-black-22,0.29,1.19,0.84
airfield-black-22,boat-trailer-parking-black-22,0.19,1.18,0.94,canoe-portaging-black-22,0.21,1.20,0.67
airport-black-22,
alcohol-black-22,wine-black-22,0.16,0.44,0.80,cans-or-bottles-black-22,0.22,0.63,0.73,bottles-black-22,0.23,0.67,0.77,photography-black-22,0.29,0.93,0.80,birding-wildlife-viewing-black-22,0.33,0.94,0.60,sanitary-disposal-station-black-22,0.31,0.96,0.73,bottle-filling-station-black-22,0.24,0.97,0.84,hospital-black-22,0.32,0.97,0.70,hunting-black-22,0.25,1.06,0.75,museum-black-22,0.31,1.12,0.94,park-film-black-22,0.41,1.12,0.56,reservations-black-22,0.27,1.18,0.86,snack-bar-black-22,0.30,1.18,0.95
all-terrain-trail-black-22,automobiles-black-22,0.33,1.07,0.64
amphitheater-black-22,tubing-black-22,0.21,0.95,0.87,safety-caution-alerts-black-22,0.25,0.99,0.86,shipwreck-black-22,0.23,1.17,0.70
aquatic-invasive-species-decontamination-station-black-22,aquatic-invasive-species-inspection-sticker-black-22,0.18,0.64,0.79,safety-caution-alerts-black-22,0.22,0.81,0.77,waterfowl-black-22,0.25,1.17,0.91,boating-permit-black-22,0.27,1.18,0.81
aquatic-invasive-species-inspection-sticker-black-22,boating-permit-black-22,0.16,0.44,0.98,aquatic-invasive-species-decontamination-station-black-22,0.18,0.64,0.79,fishing-license-black-22,0.23,0.66,0.79,life-jackets-black-22,0.39,1.16,0.58,park-film-black-22,0.44,1.17,0.56,sanitary-disposal-station-black-22,0.38,1.17,0.73,museum-black-22,0.39,1.19,0.94
archery-black-22,monument-black-22,0.24,0.93,0.83,statue-black-22,0.24,0.96,0.91,fire-extinguisher-black-22,0.26,0.99,0.72,walking-black-22,0.24,1.07,0.97,golfing-black-22,0.21,1.15,0.76
art-black-22,museum-black-22,0.32,1.18,0.64
ash-disposal-black-22,
assistive-listening-systems-black-22,assistive-listening-systems-t-coil-compatible-black-22,0.02,0.09,0.92
assistive-listening-systems-t-coil-compatible-black-22,assistive-listening-systems-black-22,0.02,0.09,0.92
atm-black-22,propane-bottle-recycling-black-22,0.36,0.88,0.78,propane-black-22,0.40,1.01,0.77,breastfeeding-station-black-22,0.35,1.06,0.96,junior-ranger-program-black-22,0.39,1.09,0.72,reservations-black-22,0.38,1.15,0.89,museum-black-22,0.35,1.17,0.91,coffee-black-22,0.37,1.18,0.68
audio-description-black-22,
audio-tour-black-22,
automated-entrance-black-22,first-aid-black-22,0.28,0.83,0.59
automobiles-black-22,bridge-black-22,0.28,0.78,0.75,generators-black-22,0.37,0.81,0.81,lounge-black-22,0.37,0.86,0.67,boat-tour-black-22,0.37,0.87,0.94,ticket-sales-black-22,0.33,0.91,0.77,sea-lion-viewing-black-22,0.30,0.93,0.90,coffee-black-22,0.36,0.97,0.84,first-aid-black-22,0.35,0.99,0.79,birding-wildlife-viewing-black-22,0.37,0.99,0.72,vehicle-ferry-black-22,0.36,1.01,0.88,souvenir-shop-black-22,0.34,1.02,0.89,cans-or-bottles-black-22,0.36,1.03,0.88,stagecoach-rides-black-22,0.35,1.05,0.80,all-terrain-trail-black-22,0.33,1.07,0.64,bear-viewing-black-22,0.36,1.07,0.80,utv-black-22,0.32,1.07,0.59,hospital-black-22,0.36,1.08,0.84,waterfowl-black-22,0.34,1.09,0.72,maps-black-22,0.45,1.13,0.61,store-black-22,0.36,1.13,0.90,cabin-black-22,0.38,1.14,0.99,park-film-black-22,0.47,1.14,0.67,trailer-site-black-22,0.37,1.14,0.80,sewer-hookup-black-22,0.45,1.14,0.62,life-jackets-black-22,0.42,1.15,0.70,pets-off-leash-black-22,0.34,1.15,0.89,family-restroom-black-22,0.36,1.16,0.75,rv-campground-black-22,0.41,1.17,0.71,directions-black-22,0.34,1.17,0.98,lodging-black-22,0.36,1.18,0.70,rowboating-black-22,0.35,1.18,0.78
baby-changing-station-black-22,breastfeeding-station-black-22,0.26,0.82,0.77
backcountry-camping-permit-black-22,
baseball-black-22,monument-black-22,0.27,1.06,0.74,wilderness-black-22,0.26,1.16,0.87,womens-restroom-black-22,0.27,1.19,0.84
beach-access-black-22,bear-viewing-black-22,0.22,1.13,0.62
bear-box-black-22,wine-black-22,0.32,1.16,0.75
bear-cannister-rentals-black-22,book-and-souvenir-shop-black-22,0.28,1.03,0.96,generators-black-22,0.41,1.20,0.62
bear-spray-black-22,bear-spray-rental-black-22,0.09,0.29,0.77,bear-spray-purchase-black-22,0.10,0.31,0.76,bear-spray-return-recycling-black-22,0.10,0.32,0.76,womens-restroom-black-22,0.18,0.84,0.88,mens-restroom-black-22,0.17,0.88,0.72,fire-extinguisher-black-22,0.24,0.99,0.86,table-service-black-22,0.26,1.18,0.84
bear-spray-purchase-black-22,bear-spray-rental-black-22,0.10,0.27,0.99,bear-spray-black-22,0.10,0.31,0.76,bear-spray-return-recycling-black-22,0.12,0.33,0.99,bottles-black-22,0.27,0.79,0.74,store-black-22,0.31,1.07,0.72,cans-or-bottles-black-22,0.38,1.07,0.71,fire-extinguisher-black-22,0.30,1.14,0.88,coffee-black-22,0.38,1.16,0.67,womens-restroom-black-22,0.27,1.17,0.67,falling-rocks-black-22,0.35,1.18,0.69
bear-spray-rental-black-22,bear-spray-purchase-black-22,0.10,0.27,0.99,bear-spray-return-recycling-black-22,0.10,0.28,0.99,bear-spray-black-22,0.09,0.29,0.77,bottles-black-22,0.31,0.94,0.74,fire-extinguisher-black-22,0.29,1.11,0.89,cans-or-bottles-black-22,0.39,1.13,0.70,womens-restroom-black-22,0.26,1.13,0.67,coffee-black-22,0.39,1.19,0.67,falling-rocks-black-22,0.35,1.20,0.69
bear-spray-return-recycling-black-22,bear-spray-rental-black-22,0.10,0.28,0.99,bear-spray-black-22,0.10,0.32,0.76,bear-spray-purchase-black-22,0.12,0.33,0.99,life-jackets-black-22,0.37,0.96,0.56,bottles-black-22,0.33,1.01,0.74,store-black-22,0.33,1.05,0.72,pit-toilet-black-22,0.43,1.11,0.49,table-service-black-22,0.31,1.12,0.91,shuttle-service-black-22,0.36,1.13,0.81,coffee-black-22,0.39,1.15,0.68,aed-black-22,0.38,1.17,0.64
bear-viewing-black-22,ticket-sales-black-22,0.36,0.71,0.96,sea-lion-viewing-black-22,0.24,0.77,0.89,coffee-black-22,0.28,0.80,0.68,ranger-station-black-22,0.24,0.86,0.89,cans-or-bottles-black-22,0.29,0.88,0.71,fish-cleaning-black-22,0.34,0.91,0.84,cannon-black-22,0.31,0.93,0.63,visitor-center-black-22,0.26,0.94,0.88,paddle-boating-black-22,0.28,0.94,0.83,canoe-portaging-black-22,0.24,0.97,0.91,flush-toilets-black-22,0.27,0.97,0.86,video-surveillance-black-22,0.28,0.98,0.98,motorboating-black-22,0.35,1.00,0.76,boat-trailer-parking-black-22,0.35,1.04,0.64,vehicle-ferry-black-22,0.40,1.04,0.92,lodging-black-22,0.39,1.06,0.87,automobiles-black-22,0.36,1.07,0.80,museum-black-22,0.38,1.08,0.91,stagecoach-rides-black-22,0.35,1.10,1.00,grill-black-22,0.27,1.12,0.99,beach-access-black-22,0.22,1.13,0.62,pets-off-leash-black-22,0.31,1.15,0.90,tactile-exhibit-black-22,0.30,1.16,0.84,safety-caution-alerts-black-22,0.32,1.16,0.93,deer-viewing-black-22,0.26,1.17,0.87,rv-campground-black-22,0.47,1.18,0.89,personal-watercraft-black-22,0.32,1.20,0.92
benches-seating-black-22,flush-toilets-black-22,0.30,1.19,0.57
bicycle-trail-black-22,
bike-rack-black-22,bike-rental-black-22,0.15,0.58,0.88,bike-repairs-black-22,0.18,0.73,0.86
bike-rental-black-22,bike-repairs-black-22,0.14,0.55,0.98,bike-rack-black-22,0.15,0.58,0.88,lock-bikes-black-22,0.19,0.88,0.88
bike-repairs-black-22,bike-rental-black-22,0.14,0.55,0.98,bike-rack-black-22,0.18,0.73,0.86,lock-bikes-black-22,0.21,1.10,0.90
birding-wildlife-viewing-black-22,life-jackets-black-22,0.30,0.57,0.97,park-film-black-22,0.31,0.59,0.93,lounge-black-22,0.31,0.60,0.93,maps-black-22,0.36,0.67,0.85,pit-toilet-black-22,0.36,0.69,0.85,sanitary-disposal-station-black-22,0.35,0.75,0.82,cans-or-bottles-black-22,0.34,0.78,0.82,wine-black-22,0.32,0.79,0.75,hospital-black-22,0.34,0.79,0.85,generators-black-22,0.37,0.87,0.89,cabin-black-22,0.34,0.87,0.73,sewer-hookup-black-22,0.44,0.89,0.85,store-black-22,0.36,0.89,0.80,alcohol-black-22,0.33,0.94,0.60,bottles-black-22,0.37,0.95,0.78,trash-dumpster-black-22,0.37,0.97,0.72,automobiles-black-22,0.37,0.99,0.72,photography-black-22,0.39,1.03,0.75,climbing-black-22,0.42,1.05,0.84,trucks-black-22,0.43,1.08,0.78,coffee-black-22,0.43,1.08,0.85,quiet-black-22,0.42,1.11,0.81,newspaper-black-22,0.45,1.13,0.91,museum-black-22,0.42,1.15,0.64,canoe-access-black-22,0.40,1.16,0.69,fishing-license-black-22,0.42,1.16,0.76,tactile-exhibit-black-22,0.41,1.17,0.69,boat-tour-black-22,0.44,1.18,0.68,paddle-boating-black-22,0.42,1.18,0.70
boating-black-22,motorboating-black-22,0.17,0.37,0.85,waterfowl-black-22,0.25,0.85,0.72,boat-trailer-parking-black-22,0.25,0.88,1.00,lodging-black-22,0.30,0.90,0.74,four-wheel-drive-road-black-22,0.31,0.95,0.88,snowmobile-trail-black-22,0.23,0.96,0.73,towing-black-22,0.30,1.09,1.00,ticket-sales-black-22,0.40,1.15,0.67
boating-permit-black-22,aquatic-invasive-species-inspection-sticker-black-22,0.16,0.44,0.98,fishing-license-black-22,0.24,0.70,0.78,life-jackets-black-22,0.37,1.02,0.57,sanitary-disposal-station-black-22,0.36,1.07,0.72,lounge-black-22,0.42,1.17,0.55,aquatic-invasive-species-decontamination-station-black-22,0.27,1.18,0.81
boat-launch-black-22,stay-back-from-edge-shore-black-22,0.29,1.01,0.88,life-jackets-black-22,0.37,1.05,0.60,museum-black-22,0.35,1.05,0.98
boat-tour-black-22,ticket-sales-black-22,0.32,0.67,0.82,rv-campground-black-22,0.31,0.70,0.76,generators-black-22,0.37,0.75,0.76,park-film-black-22,0.41,0.87,0.63,automobiles-black-22,0.37,0.87,0.94,stagecoach-rides-black-22,0.37,0.93,0.86,museum-black-22,0.42,0.93,0.94,trailer-site-black-22,0.36,0.94,0.85,maps-black-22,0.42,0.95,0.58,first-aid-black-22,0.37,0.97,0.74,life-jackets-black-22,0.40,0.99,0.65,junior-ranger-program-black-22,0.36,1.01,0.85,newspaper-black-22,0.42,1.02,0.74,lounge-black-22,0.44,1.03,0.63,pit-toilet-black-22,0.45,1.04,0.58,sewer-hookup-black-22,0.45,1.05,0.58,cans-or-bottles-black-22,0.35,1.06,0.83,coffee-black-22,0.38,1.08,0.79,cabin-black-22,0.35,1.08,0.93,trucks-black-22,0.40,1.08,0.87,hospital-black-22,0.39,1.09,0.79,flower-viewing-black-22,0.38,1.09,0.80,falling-rocks-black-22,0.35,1.10,0.81,sanitary-disposal-station-black-22,0.46,1.10,0.83,store-black-22,0.35,1.12,0.84,aed-black-22,0.42,1.13,0.75,rail-station-black-22,0.34,1.13,0.81,vehicle-ferry-black-22,0.38,1.14,0.93,laundry-black-22,0.43,1.17,0.78,birding-wildlife-viewing-black-22,0.44,1.18,0.68,safety-caution-alerts-black-22,0.35,1.18,0.92,sailing-black-22,0.32,1.18,0.95,water-hookup-black-22,0.32,1.19,0.72
boat-trailer-parking-black-22,motorboating-black-22,0.19,0.59,0.85,lodging-black-22,0.24,0.65,0.74,boating-black-22,0.25,0.88,1.00,bear-viewing-black-22,0.35,1.04,0.64,airfield-black-22,0.19,1.18,0.94,river-rafting-black-22,0.28,1.19,0.52
book-and-souvenir-shop-black-22,bear-cannister-rentals-black-22,0.28,1.03,0.96
bookstore-black-22,propane-black-22,0.37,0.91,0.63,propane-bottle-recycling-black-22,0.41,1.10,0.64,passes-and-fees-black-22,0.47,1.11,0.63,reservations-black-22,0.39,1.11,0.91,falling-rocks-black-22,0.33,1.18,0.57,womens-restroom-black-22,0.35,1.19,0.82
bottle-filling-station-black-22,mens-restroom-black-22,0.17,0.82,0.63,bottles-black-22,0.27,0.82,0.65,wine-black-22,0.29,0.90,0.67,alcohol-black-22,0.24,0.97,0.84,reservations-black-22,0.25,1.04,0.98,womens-restroom-black-22,0.23,1.09,0.77,hunting-black-22,0.23,1.14,0.89,cans-or-bottles-black-22,0.35,1.16,0.62
bottles-black-22,cans-or-bottles-black-22,0.16,0.31,0.95,wine-black-22,0.24,0.56,0.96,alcohol-black-22,0.23,0.67,0.77,park-film-black-22,0.35,0.76,0.72,life-jackets-black-22,0.33,0.76,0.75,bear-spray-purchase-black-22,0.27,0.79,0.74,trash-dumpster-black-22,0.28,0.80,0.92,laundry-black-22,0.40,0.82,0.89,bottle-filling-station-black-22,0.27,0.82,0.65,climbing-black-22,0.33,0.91,0.93,pit-toilet-black-22,0.40,0.92,0.66,bear-spray-rental-black-22,0.31,0.94,0.74,sewer-hookup-black-22,0.41,0.94,0.66,birding-wildlife-viewing-black-22,0.37,0.95,0.78,hospital-black-22,0.39,0.99,0.91,maps-black-22,0.42,0.99,0.66,museum-black-22,0.35,1.00,0.82,coffee-black-22,0.38,1.01,0.91,propane-black-22,0.41,1.01,0.97,visitor-center-black-22,0.35,1.01,0.85,bear-spray-return-recycling-black-22,0.33,1.01,0.74,falling-rocks-black-22,0.36,1.04,0.94,ranger-station-black-22,0.35,1.04,0.84,quiet-black-22,0.36,1.04,0.96,trucks-black-22,0.44,1.07,1.00,sea-lion-viewing-black-22,0.33,1.07,0.83,paddle-boating-black-22,0.35,1.09,0.89,photography-black-22,0.35,1.10,0.96,shuttle-service-black-22,0.38,1.11,0.92,bus-stop-black-22,0.43,1.13,0.89,passes-and-fees-black-22,0.46,1.14,0.96,pets-off-leash-black-22,0.36,1.15,0.83,lounge-black-22,0.44,1.16,0.73,quagga-mussel-decontamination-station-black-22,0.39,1.16,0.89,gas-station-black-22,0.45,1.17,0.94,parking-black-22,0.42,1.17,0.84,trailer-site-black-22,0.33,1.18,0.74,store-black-22,0.39,1.19,0.97,deer-viewing-black-22,0.37,1.19,0.65
braille-black-22,
breastfeeding-station-black-22,baby-changing-station-black-22,0.26,0.82,0.77,propane-bottle-recycling-black-22,0.34,0.85,0.81,coffee-black-22,0.31,0.89,0.70,junior-ranger-program-black-22,0.37,0.97,0.75,ranger-station-black-22,0.30,0.97,0.92,propane-black-22,0.38,0.98,0.80,visitor-center-black-22,0.30,0.99,0.91,young-scientist-program-black-22,0.32,1.05,0.90,atm-black-22,0.35,1.06,0.96,quiet-black-22,0.32,1.06,0.75,sailing-black-22,0.33,1.09,0.94,store-black-22,0.33,1.10,0.75,passes-and-fees-black-22,0.44,1.11,0.81,gas-station-black-22,0.39,1.13,0.82,sewer-hookup-black-22,0.43,1.16,0.51,wheelchair-accessible-black-22,0.27,1.17,0.67,personal-watercraft-black-22,0.31,1.18,0.96,chapel-black-22,0.36,1.19,0.84,falling-rocks-black-22,0.36,1.19,0.72
bridge-black-22,lodging-black-22,0.30,0.70,0.93,automobiles-black-22,0.28,0.78,0.75,ticket-sales-black-22,0.48,0.99,0.98,generators-black-22,0.38,0.99,0.61,aed-black-22,0.35,1.10,0.61,paddle-boating-black-22,0.32,1.18,0.78,rv-campground-black-22,0.46,1.19,0.94
brochure-black-22,
bus-stop-black-22,trucks-black-22,0.25,0.58,0.89,laundry-black-22,0.40,0.88,0.80,cans-or-bottles-black-22,0.38,0.95,0.85,fishing-license-black-22,0.31,0.96,0.92,flush-toilets-black-22,0.35,0.97,0.97,quagga-mussel-decontamination-station-black-22,0.33,1.00,1.00,sewer-hookup-black-22,0.42,1.07,0.59,shuttle-service-black-22,0.35,1.08,0.97,sea-lion-viewing-black-22,0.31,1.08,0.93,ranger-station-black-22,0.34,1.09,0.94,coffee-black-22,0.37,1.09,0.81,parking-black-22,0.38,1.09,0.94,ice-fishing-black-22,0.30,1.11,0.86,bottles-black-22,0.43,1.13,0.89,junior-ranger-program-black-22,0.44,1.15,0.87,personal-watercraft-black-22,0.32,1.16,0.90,visitor-center-black-22,0.36,1.17,0.95,exercise-fitness-black-22,0.31,1.20,0.81
cabin-black-22,lounge-black-22,0.34,0.76,0.68,birding-wildlife-viewing-black-22,0.34,0.87,0.73,maps-black-22,0.39,0.91,0.62,sanitary-disposal-station-black-22,0.42,1.05,0.89,life-jackets-black-22,0.40,1.08,0.70,boat-tour-black-22,0.35,1.08,0.93,sewer-hookup-black-22,0.44,1.09,0.62,automobiles-black-22,0.38,1.14,0.99,first-aid-black-22,0.39,1.16,0.80,vehicle-ferry-black-22,0.36,1.16,0.87,cans-or-bottles-black-22,0.39,1.18,0.89
calendar-events-black-22,
campfire-black-22,stay-on-trail-black-22,0.21,1.20,0.91
campground-black-22,
campsite-black-22,safety-caution-alerts-black-22,0.16,0.55,0.68,visitor-center-black-22,0.24,1.00,0.64,ranger-station-black-22,0.24,1.04,0.65,ranger-led-events-black-22,0.24,1.19,0.93
cannon-black-22,bear-viewing-black-22,0.31,0.93,0.63,ranger-led-events-black-22,0.34,1.17,0.94
canoe-access-black-22,vehicle-ferry-black-22,0.24,0.73,0.92,paddle-boating-black-22,0.28,0.81,0.99,personal-watercraft-black-22,0.28,0.87,0.91,river-rafting-black-22,0.28,0.88,0.97,coffee-black-22,0.34,0.91,0.81,hand-launch-small-boat-launch-black-22,0.27,0.92,0.74,store-black-22,0.32,0.97,0.86,lounge-black-22,0.41,1.02,0.64,museum-black-22,0.34,1.05,0.93,photography-black-22,0.34,1.07,0.92,floating-dump-station-black-22,0.28,1.08,0.68,trailer-site-black-22,0.30,1.08,0.83,flush-toilets-black-22,0.32,1.09,0.98,sailing-black-22,0.31,1.10,0.93,cans-or-bottles-black-22,0.36,1.10,0.84,motorboating-black-22,0.27,1.12,0.64,ticket-sales-black-22,0.32,1.12,0.81,falling-rocks-black-22,0.36,1.12,0.83,first-aid-black-22,0.38,1.14,0.76,generators-black-22,0.39,1.15,0.78,shipwreck-black-22,0.27,1.15,0.55,birding-wildlife-viewing-black-22,0.40,1.16,0.69,flower-viewing-black-22,0.36,1.17,0.82
canoe-portaging-black-22,bear-viewing-black-22,0.24,0.97,0.91,fire-extinguisher-black-22,0.25,1.12,0.97,airfield-black-22,0.21,1.20,0.67
cans-or-bottles-black-22,bottles-black-22,0.16,0.31,0.95,wine-black-22,0.24,0.53,0.91,coffee-black-22,0.27,0.58,0.96,ranger-station-black-22,0.25,0.61,0.80,visitor-center-black-22,0.25,0.62,0.81,alcohol-black-22,0.22,0.63,0.73,museum-black-22,0.28,0.67,0.78,sea-lion-viewing-black-22,0.27,0.72,0.79,pets-off-leash-black-22,0.28,0.74,0.79,quiet-black-22,0.29,0.76,0.99,birding-wildlife-viewing-black-22,0.34,0.78,0.82,park-film-black-22,0.38,0.78,0.76,laundry-black-22,0.39,0.79,0.94,pit-toilet-black-22,0.38,0.79,0.70,lounge-black-22,0.36,0.80,0.76,sewer-hookup-black-22,0.37,0.80,0.70,deer-viewing-black-22,0.29,0.83,0.62,trailer-site-black-22,0.28,0.84,0.71,propane-black-22,0.35,0.85,0.92,ticket-sales-black-22,0.31,0.86,0.68,life-jackets-black-22,0.37,0.87,0.79,bear-viewing-black-22,0.29,0.88,0.71,paddle-boating-black-22,0.32,0.90,0.85,trash-dumpster-black-22,0.31,0.90,0.88,shuttle-service-black-22,0.36,0.93,0.88,falling-rocks-black-22,0.34,0.93,0.98,photography-black-22,0.34,0.94,0.91,bus-stop-black-22,0.38,0.95,0.85,pets-on-leash-black-22,0.33,0.97,0.81,exercise-fitness-black-22,0.31,0.97,0.69,slippery-ramp-black-22,0.33,0.98,0.86,river-rafting-black-22,0.34,0.98,0.87,first-aid-black-22,0.39,0.99,0.90,maps-black-22,0.45,1.00,0.69,snack-bar-black-22,0.30,1.00,0.70,safety-caution-alerts-black-22,0.33,1.01,0.76,sailing-black-22,0.39,1.01,0.79,propane-bottle-recycling-black-22,0.40,1.02,0.91,vehicle-ferry-black-22,0.33,1.03,0.78,automobiles-black-22,0.36,1.03,0.88,boat-tour-black-22,0.35,1.06,0.83,waterfowl-black-22,0.30,1.07,0.64,bear-spray-purchase-black-22,0.38,1.07,0.71,trucks-black-22,0.47,1.07,0.95,personal-watercraft-black-22,0.35,1.09,0.77,canoe-access-black-22,0.36,1.10,0.84,hospital-black-22,0.43,1.11,0.96,sanitary-disposal-station-black-22,0.38,1.11,1.00,souvenir-shop-black-22,0.40,1.12,0.99,bear-spray-rental-black-22,0.39,1.13,0.70,litter-receptacle-black-22,0.35,1.14,0.61,gas-station-black-22,0.44,1.15,0.90,bottle-filling-station-black-22,0.35,1.16,0.62,passes-and-fees-black-22,0.48,1.17,0.91,hunting-black-22,0.31,1.17,0.55,cabin-black-22,0.39,1.18,0.89,rowboating-black-22,0.35,1.18,0.69,climbing-black-22,0.40,1.19,0.98,wind-surfing-black-22,0.38,1.19,0.81,flower-viewing-black-22,0.43,1.19,0.97,flush-toilets-black-22,0.45,1.20,0.83
caving-black-22,
cellular-signal-black-22,
chair-lift-ski-lift-black-22,
chapel-black-22,reservations-black-22,0.35,0.73,0.98,monument-black-22,0.33,0.80,0.88,coffee-black-22,0.31,1.01,0.59,statue-black-22,0.37,1.03,0.80,fishing-black-22,0.23,1.07,0.99,young-scientist-program-black-22,0.30,1.09,0.94,construction-black-22,0.32,1.10,0.99,wilderness-black-22,0.32,1.10,0.74,historic-feature-black-22,0.31,1.13,0.54,hunting-black-22,0.23,1.18,0.89,store-black-22,0.32,1.18,0.63,breastfeeding-station-black-22,0.36,1.19,0.84
climbing-black-22,park-film-black-22,0.37,0.83,0.78,bottles-black-22,0.33,0.91,0.93,hospital-black-22,0.37,0.99,0.98,birding-wildlife-viewing-black-22,0.42,1.05,0.84,pit-toilet-black-22,0.45,1.05,0.71,lounge-black-22,0.44,1.07,0.78,maps-black-22,0.46,1.07,0.71,wine-black-22,0.36,1.07,0.89,life-jackets-black-22,0.43,1.08,0.81,store-black-22,0.40,1.18,0.96,museum-black-22,0.39,1.18,0.77,cans-or-bottles-black-22,0.40,1.19,0.98,generators-black-22,0.42,1.20,0.94
closed-captioning-black-22,open-captioning-black-22,0.03,0.05,0.96,ticket-sales-black-22,0.45,1.08,0.75,personal-watercraft-black-22,0.26,1.10,0.67,utv-black-22,0.30,1.14,0.98,radios-black-22,0.38,1.15,0.94
coffee-black-22,sewer-hookup-black-22,0.30,0.57,0.73,cans-or-bottles-black-22,0.27,0.58,0.96,flush-toilets-black-22,0.26,0.65,0.79,falling-rocks-black-22,0.27,0.67,0.97,ticket-sales-black-22,0.29,0.74,0.65,lounge-black-22,0.36,0.74,0.80,store-black-22,0.30,0.75,0.94,paddle-boating-black-22,0.31,0.78,0.81,pit-toilet-black-22,0.37,0.78,0.73,maps-black-22,0.38,0.78,0.73,souvenir-shop-black-22,0.31,0.79,0.95,bear-viewing-black-22,0.28,0.80,0.68,river-rafting-black-22,0.30,0.80,0.83,first-aid-black-22,0.33,0.80,0.94,propane-bottle-recycling-black-22,0.32,0.80,0.87,propane-black-22,0.32,0.81,0.88,personal-watercraft-black-22,0.31,0.83,0.73,life-jackets-black-22,0.37,0.85,0.83,safety-caution-alerts-black-22,0.32,0.85,0.73,passes-and-fees-black-22,0.35,0.86,0.87,park-film-black-22,0.43,0.87,0.79,junior-ranger-program-black-22,0.35,0.88,0.94,laundry-black-22,0.39,0.88,0.98,museum-black-22,0.37,0.88,0.75,breastfeeding-station-black-22,0.31,0.89,0.70,canoe-access-black-22,0.34,0.91,0.81,pets-off-leash-black-22,0.34,0.91,0.76,pets-on-leash-black-22,0.33,0.92,0.77,visitor-center-black-22,0.34,0.93,0.77,grill-black-22,0.31,0.93,0.67,ranger-station-black-22,0.34,0.96,0.76,automobiles-black-22,0.36,0.97,0.84,fish-cleaning-black-22,0.30,0.99,0.57,spring-black-22,0.34,0.99,0.73,bottles-black-22,0.38,1.01,0.91,gas-station-black-22,0.36,1.01,0.86,photography-black-22,0.38,1.01,0.87,chapel-black-22,0.31,1.01,0.59,rv-campground-black-22,0.32,1.02,0.60,vehicle-ferry-black-22,0.35,1.03,0.74,shuttle-service-black-22,0.39,1.04,0.84,library-black-22,0.34,1.06,0.71,trailer-site-black-22,0.35,1.07,0.67,boat-tour-black-22,0.38,1.08,0.79,birding-wildlife-viewing-black-22,0.43,1.08,0.85,bus-stop-black-22,0.37,1.09,0.81,generators-black-22,0.44,1.12,0.96,slippery-ramp-black-22,0.38,1.14,0.82,flower-viewing-black-22,0.42,1.14,0.99,bear-spray-return-recycling-black-22,0.39,1.15,0.68,newspaper-black-22,0.44,1.15,0.94,bear-spray-purchase-black-22,0.38,1.16,0.67,sanitary-disposal-station-black-22,0.46,1.16,0.96,elevator-black-22,0.37,1.17,0.61,reservations-black-22,0.37,1.18,0.60,atm-black-22,0.37,1.18,0.68,construction-black-22,0.35,1.19,0.60,sailing-black-22,0.39,1.19,0.75,bear-spray-rental-black-22,0.39,1.19,0.67
community-garden-black-22,pit-toilet-black-22,0.40,1.02,0.47
construction-black-22,young-scientist-program-black-22,0.22,0.73,0.95,monument-black-22,0.29,1.02,0.86,waterfowl-black-22,0.23,1.03,0.99,chapel-black-22,0.32,1.10,0.99,falling-rocks-black-22,0.32,1.15,0.62,slippery-ramp-black-22,0.29,1.17,0.73,coffee-black-22,0.35,1.19,0.60,statue-black-22,0.31,1.19,0.79
cross-country-ski-trail-black-22,
customs-black-22,photography-black-22,0.34,1.09,0.78,lounge-black-22,0.41,1.19,0.54
dam-black-22,
deer-viewing-black-22,pets-off-leash-black-22,0.20,0.69,0.78,pets-on-leash-black-22,0.20,0.72,0.77,cans-or-bottles-black-22,0.29,0.83,0.62,sea-lion-viewing-black-22,0.23,0.85,0.78,ranger-station-black-22,0.28,1.04,0.78,bear-viewing-black-22,0.26,1.17,0.87,waterfowl-black-22,0.25,1.19,0.98,bottles-black-22,0.37,1.19,0.65
directions-black-22,passport-stamps-black-22,0.25,0.99,0.66,sewer-hookup-black-22,0.45,1.15,0.61,automobiles-black-22,0.34,1.17,0.98,lounge-black-22,0.42,1.18,0.66
diving-black-22,zebra-mussel-decontamination-station-black-22,0.24,1.19,0.65
dog-sledding-black-22,paddle-boating-black-22,0.30,1.13,0.65,store-black-22,0.31,1.16,0.56
dot-black-22,
downhill-skiing-black-22,
drinking-water-black-22,
driving-tour-black-22,
electrical-hookup-black-22,rail-station-black-22,0.29,0.88,0.97,waterfowl-black-22,0.23,0.98,0.92,ice-cream-black-22,0.31,1.04,0.68,hunting-black-22,0.23,1.07,0.79,wood-gathering-black-22,0.27,1.15,0.78,propane-bottle-recycling-black-22,0.43,1.19,0.76
electric-car-charging-black-22,gas-station-black-22,0.11,0.23,0.95,gasoline-diesel-black-22,0.14,0.32,0.86,pit-toilet-black-22,0.39,0.95,0.60,passes-and-fees-black-22,0.41,1.11,0.94,reservations-black-22,0.33,1.12,0.74,laundry-black-22,0.45,1.13,0.80,sewer-hookup-black-22,0.45,1.15,0.60,park-film-black-22,0.45,1.17,0.65,falling-rocks-black-22,0.37,1.18,0.84,life-jackets-black-22,0.42,1.18,0.68
elevator-black-22,coffee-black-22,0.37,1.17,0.61
emergencies-black-22,
emergency-telephone-black-22,telephone-black-22,0.15,0.45,0.69,propane-black-22,0.38,1.01,0.68,propane-bottle-recycling-black-22,0.40,1.09,0.69
entrance-black-22,vending-machine-black-22,0.24,0.91,0.84,mobile-device-charging-black-22,0.31,1.17,0.99
entrance-station-black-22,reservations-black-22,0.26,0.91,0.98,pit-toilet-black-22,0.41,1.06,0.43,monument-black-22,0.24,1.07,0.88,fire-extinguisher-black-22,0.25,1.08,0.99,store-black-22,0.32,1.12,0.63,museum-black-22,0.35,1.16,0.79,wood-gathering-black-22,0.29,1.17,0.88
event-facility-black-22,
exercise-fitness-black-22,sea-lion-viewing-black-22,0.25,0.84,0.87,cans-or-bottles-black-22,0.31,0.97,0.69,pets-off-leash-black-22,0.31,1.15,0.87,bus-stop-black-22,0.31,1.20,0.81
falling-rocks-black-22,coffee-black-22,0.27,0.67,0.97,gas-station-black-22,0.28,0.77,0.88,laundry-black-22,0.33,0.78,0.96,flush-toilets-black-22,0.28,0.79,0.81,sewer-hookup-black-22,0.37,0.80,0.71,propane-bottle-recycling-black-22,0.30,0.82,0.89,store-black-22,0.31,0.83,0.97,passes-and-fees-black-22,0.33,0.88,0.90,propane-black-22,0.32,0.88,0.90,reservations-black-22,0.29,0.90,0.62,cans-or-bottles-black-22,0.34,0.93,0.98,shuttle-service-black-22,0.34,1.00,0.86,museum-black-22,0.36,1.02,0.77,park-film-black-22,0.42,1.03,0.77,bottles-black-22,0.36,1.04,0.94,safety-caution-alerts-black-22,0.33,1.08,0.75,lounge-black-22,0.44,1.08,0.78,life-jackets-black-22,0.43,1.09,0.80,paddle-boating-black-22,0.36,1.09,0.84,boat-tour-black-22,0.35,1.10,0.81,canoe-access-black-22,0.36,1.12,0.83,pit-toilet-black-22,0.47,1.13,0.71,construction-black-22,0.32,1.15,0.62,bear-spray-purchase-black-22,0.35,1.18,0.69,bookstore-black-22,0.33,1.18,0.57,electric-car-charging-black-22,0.37,1.18,0.84,slippery-ramp-black-22,0.37,1.18,0.84,maps-black-22,0.49,1.19,0.71,breastfeeding-station-black-22,0.36,1.19,0.72,bear-spray-rental-black-22,0.35,1.20,0.69
family-restroom-black-22,restrooms-black-22,0.09,0.22,0.99,hospital-black-22,0.34,1.15,0.63,automobiles-black-22,0.36,1.16,0.75
fire-extinguisher-black-22,monument-black-22,0.19,0.56,0.87,womens-restroom-black-22,0.19,0.61,0.76,statue-black-22,0.20,0.67,0.80,lighthouse-black-22,0.23,0.84,0.87,reservations-black-22,0.28,0.88,0.99,archery-black-22,0.26,0.99,0.72,bear-spray-black-22,0.24,0.99,0.86,walking-black-22,0.27,1.06,0.70,entrance-station-black-22,0.25,1.08,0.99,bear-spray-rental-black-22,0.29,1.11,0.89,canoe-portaging-black-22,0.25,1.12,0.97,bear-spray-purchase-black-22,0.30,1.14,0.88,gas-station-black-22,0.36,1.16,0.69
fire-grate-black-22,
firewood-black-22,
firewood-cutting-black-22,
first-aid-black-22,sewer-hookup-black-22,0.33,0.63,0.78,souvenir-shop-black-22,0.29,0.69,0.89,flower-viewing-black-22,0.29,0.70,0.93,lounge-black-22,0.33,0.71,0.85,coffee-black-22,0.33,0.80,0.94,automated-entrance-black-22,0.28,0.83,0.59,aed-black-22,0.35,0.84,0.99,pit-toilet-black-22,0.41,0.86,0.78,maps-black-22,0.43,0.92,0.77,museum-black-22,0.35,0.93,0.70,propane-black-22,0.35,0.94,0.83,propane-bottle-recycling-black-22,0.35,0.95,0.81,sailing-black-22,0.33,0.96,0.70,park-film-black-22,0.42,0.96,0.85,lockers-storage-black-22,0.37,0.97,0.88,boat-tour-black-22,0.37,0.97,0.74,generators-black-22,0.38,0.97,0.97,river-rafting-black-22,0.35,0.98,0.78,automobiles-black-22,0.35,0.99,0.79,cans-or-bottles-black-22,0.39,0.99,0.90,junior-ranger-program-black-22,0.37,1.01,0.88,gas-station-black-22,0.36,1.01,0.81,sanitary-disposal-station-black-22,0.42,1.03,0.90,laundry-black-22,0.40,1.03,0.95,passes-and-fees-black-22,0.39,1.07,0.82,spring-black-22,0.36,1.07,0.68,photography-black-22,0.38,1.08,0.82,winter-recreation-area-black-22,0.36,1.10,0.69,wind-surfing-black-22,0.37,1.11,0.73,rowboating-black-22,0.35,1.12,0.62,flush-toilets-black-22,0.37,1.12,0.74,webcam-black-22,0.37,1.13,0.74,wine-black-22,0.39,1.14,0.82,canoe-access-black-22,0.38,1.14,0.76,vehicle-ferry-black-22,0.37,1.15,0.69,cabin-black-22,0.39,1.16,0.80,shuttle-service-black-22,0.39,1.17,0.79,rv-campground-black-22,0.38,1.18,0.56,slippery-steps-black-22,0.34,1.19,0.55,newspaper-black-22,0.45,1.19,1.00,sunny-black-22,0.35,1.20,0.58
first-come-first-served-black-22,
fish-cleaning-black-22,rv-campground-black-22,0.35,0.83,0.95,ticket-sales-black-22,0.42,0.88,0.88,trailer-site-black-22,0.34,0.90,0.85,bear-viewing-black-22,0.34,0.91,0.84,coffee-black-22,0.30,0.99,0.57,stagecoach-rides-black-22,0.30,1.01,0.84,water-hookup-black-22,0.21,1.02,1.00,rv-trailer-hookup-black-22,0.29,1.11,0.69,waterfowl-black-22,0.32,1.13,0.94,vehicle-ferry-black-22,0.39,1.13,0.77,safety-caution-alerts-black-22,0.29,1.15,0.79
fish-hatchery-black-22,ranger-led-events-black-22,0.26,1.02,0.86,motorboating-black-22,0.30,1.17,0.97
fishing-black-22,ice-fishing-black-22,0.24,0.96,0.85,spring-black-22,0.26,0.97,0.82,grill-black-22,0.25,1.06,0.89,chapel-black-22,0.23,1.07,0.99,waterfowl-black-22,0.25,1.08,0.98,flush-toilets-black-22,0.28,1.12,0.75
fishing-license-black-22,aquatic-invasive-species-inspection-sticker-black-22,0.23,0.66,0.79,boating-permit-black-22,0.24,0.70,0.78,lounge-black-22,0.37,0.85,0.71,ice-fishing-black-22,0.28,0.91,0.79,sanitary-disposal-station-black-22,0.37,0.91,0.93,bus-stop-black-22,0.31,0.96,0.92,park-film-black-22,0.41,0.98,0.71,pit-toilet-black-22,0.45,1.10,0.65,life-jackets-black-22,0.43,1.14,0.73,trucks-black-22,0.37,1.15,0.98,birding-wildlife-viewing-black-22,0.42,1.16,0.76,maps-black-22,0.47,1.18,0.65,newspaper-black-22,0.43,1.18,0.83
fishing-pier-black-22,
fish-ladder-black-22,
flagpole-black-22,
floating-dump-station-black-22,shipwreck-black-22,0.22,0.92,0.80,canoe-access-black-22,0.28,1.08,0.68,tubing-black-22,0.27,1.14,0.99,museum-black-22,0.36,1.14,0.73,airboat-black-22,0.28,1.19,0.97,rowboating-black-22,0.28,1.19,0.83
flower-viewing-black-22,winter-recreation-area-black-22,0.23,0.61,0.74,first-aid-black-22,0.29,0.70,0.93,museum-black-22,0.30,0.72,0.76,park-film-black-22,0.35,0.74,0.79,propane-black-22,0.30,0.76,0.89,pit-toilet-black-22,0.36,0.77,0.72,aed-black-22,0.33,0.82,0.94,sanitary-disposal-station-black-22,0.35,0.87,0.97,souvenir-shop-black-22,0.33,0.89,0.96,lounge-black-22,0.38,0.91,0.79,propane-bottle-recycling-black-22,0.34,0.93,0.88,sewer-hookup-black-22,0.42,0.95,0.72,maps-black-22,0.43,0.99,0.72,generators-black-22,0.38,1.03,0.95,safety-caution-alerts-black-22,0.33,1.03,0.73,junior-ranger-program-black-22,0.38,1.06,0.95,boat-tour-black-22,0.38,1.09,0.80,coffee-black-22,0.42,1.14,0.99,gas-station-black-22,0.39,1.15,0.87,canoe-access-black-22,0.36,1.17,0.82,cans-or-bottles-black-22,0.43,1.19,0.97
flush-toilets-black-22,coffee-black-22,0.26,0.65,0.79,falling-rocks-black-22,0.28,0.79,0.81,paddle-boating-black-22,0.29,0.94,0.97,sewer-hookup-black-22,0.40,0.96,0.58,spring-black-22,0.28,0.96,0.92,bear-viewing-black-22,0.27,0.97,0.86,bus-stop-black-22,0.35,0.97,0.97,passes-and-fees-black-22,0.38,0.98,0.91,laundry-black-22,0.42,0.99,0.78,personal-watercraft-black-22,0.30,1.04,0.93,junior-ranger-program-black-22,0.39,1.04,0.85,grill-black-22,0.32,1.04,0.85,propane-black-22,0.38,1.04,0.90,store-black-22,0.35,1.08,0.84,canoe-access-black-22,0.32,1.09,0.98,safety-caution-alerts-black-22,0.30,1.11,0.92,fishing-black-22,0.28,1.12,0.75,first-aid-black-22,0.37,1.12,0.74,gas-station-black-22,0.39,1.13,0.92,reservations-black-22,0.35,1.13,0.76,propane-bottle-recycling-black-22,0.40,1.16,0.91,shuttle-service-black-22,0.38,1.17,0.94,souvenir-shop-black-22,0.37,1.18,0.84,snowmobile-trail-black-22,0.29,1.19,0.75,benches-seating-black-22,0.30,1.19,0.57,cans-or-bottles-black-22,0.45,1.20,0.83
food-cache-black-22,lockers-storage-black-22,0.27,0.76,0.87
food-service-black-22,vending-machine-black-22,0.30,0.87,0.77
four-wheel-drive-road-black-22,boating-black-22,0.31,0.95,0.88
gasoline-diesel-black-22,gas-station-black-22,0.11,0.22,0.82,electric-car-charging-black-22,0.14,0.32,0.86,vending-machine-black-22,0.34,1.19,0.89
gas-station-black-22,gasoline-diesel-black-22,0.11,0.22,0.82,electric-car-charging-black-22,0.11,0.23,0.95,falling-rocks-black-22,0.28,0.77,0.88,store-black-22,0.28,0.78,0.91,reservations-black-22,0.28,0.78,0.70,passes-and-fees-black-22,0.40,0.93,0.98,laundry-black-22,0.45,1.00,0.84,sewer-hookup-black-22,0.42,1.00,0.63,first-aid-black-22,0.36,1.01,0.81,coffee-black-22,0.36,1.01,0.86,museum-black-22,0.36,1.08,0.87,propane-bottle-recycling-black-22,0.42,1.11,0.99,flush-toilets-black-22,0.39,1.13,0.92,breastfeeding-station-black-22,0.39,1.13,0.82,flower-viewing-black-22,0.39,1.15,0.87,cans-or-bottles-black-22,0.44,1.15,0.90,pit-toilet-black-22,0.45,1.15,0.63,fire-extinguisher-black-22,0.36,1.16,0.69,bottles-black-22,0.45,1.17,0.94,life-jackets-black-22,0.43,1.18,0.71,table-service-black-22,0.34,1.18,0.72,lounge-black-22,0.44,1.18,0.69,vending-machine-black-22,0.38,1.19,0.73,maps-black-22,0.47,1.20,0.62
generators-black-22,ticket-sales-black-22,0.27,0.51,0.63,rv-campground-black-22,0.32,0.68,0.58,maps-black-22,0.37,0.75,0.75,boat-tour-black-22,0.37,0.75,0.76,park-film-black-22,0.40,0.79,0.82,automobiles-black-22,0.37,0.81,0.81,newspaper-black-22,0.37,0.84,0.97,birding-wildlife-viewing-black-22,0.37,0.87,0.89,lounge-black-22,0.41,0.87,0.83,aed-black-22,0.37,0.88,0.99,sewer-hookup-black-22,0.41,0.88,0.76,hospital-black-22,0.35,0.89,0.96,souvenir-shop-black-22,0.34,0.90,0.91,trailer-site-black-22,0.38,0.96,0.65,first-aid-black-22,0.38,0.97,0.97,stagecoach-rides-black-22,0.40,0.99,0.65,rv-trailer-hookup-black-22,0.36,0.99,0.79,bridge-black-22,0.38,0.99,0.61,vehicle-ferry-black-22,0.41,1.02,0.71,flower-viewing-black-22,0.38,1.03,0.95,trucks-black-22,0.40,1.03,0.88,museum-black-22,0.45,1.03,0.72,pit-toilet-black-22,0.46,1.05,0.76,store-black-22,0.39,1.10,0.91,photography-black-22,0.46,1.11,0.84,coffee-black-22,0.44,1.12,0.96,sanitary-disposal-station-black-22,0.49,1.15,0.92,canoe-access-black-22,0.39,1.15,0.78,silence-mobile-devices-black-22,0.37,1.18,0.75,bear-cannister-rentals-black-22,0.41,1.20,0.62,climbing-black-22,0.42,1.20,0.94
geyser-black-22,
golfing-black-22,monument-black-22,0.29,1.14,0.63,archery-black-22,0.21,1.15,0.76
grill-black-22,coffee-black-22,0.31,0.93,0.67,flush-toilets-black-22,0.32,1.04,0.85,fishing-black-22,0.25,1.06,0.89,pets-off-leash-black-22,0.29,1.09,0.89,ranger-station-black-22,0.31,1.11,0.88,bear-viewing-black-22,0.27,1.12,0.99
guided-tours-black-22,
hand-launch-small-boat-launch-black-22,canoe-access-black-22,0.27,0.92,0.74
hang-gliding-black-22,tidepooling-black-22,0.18,1.04,0.76
historic-feature-black-22,chapel-black-22,0.31,1.13,0.54
hold-hand-rail-black-22,
horseback-riding-black-22,pets-off-leash-black-22,0.24,0.86,0.89,sea-lion-viewing-black-22,0.29,1.12,0.89,pets-on-leash-black-22,0.30,1.15,0.87
hospital-black-22,birding-wildlife-viewing-black-22,0.34,0.79,0.85,park-film-black-22,0.39,0.85,0.79,life-jackets-black-22,0.38,0.88,0.83,generators-black-22,0.35,0.89,0.96,wine-black-22,0.36,0.91,0.87,maps-black-22,0.42,0.93,0.73,pit-toilet-black-22,0.43,0.96,0.73,alcohol-black-22,0.32,0.97,0.70,bottles-black-22,0.39,0.99,0.91,climbing-black-22,0.37,0.99,0.98,lock-black-22,0.32,1.06,0.66,trash-dumpster-black-22,0.36,1.07,0.84,trucks-black-22,0.44,1.08,0.91,automobiles-black-22,0.36,1.08,0.84,boat-tour-black-22,0.39,1.09,0.79,cans-or-bottles-black-22,0.43,1.11,0.96,rv-trailer-hookup-black-22,0.37,1.13,0.82,family-restroom-black-22,0.34,1.15,0.63,trailhead-information-black-22,0.37,1.16,0.67,lounge-black-22,0.46,1.17,0.80
hunting-black-22,alcohol-black-22,0.25,1.06,0.75,electrical-hookup-black-22,0.23,1.07,0.79,wine-black-22,0.28,1.12,0.60,bottle-filling-station-black-22,0.23,1.14,0.89,womens-restroom-black-22,0.20,1.14,0.86,cans-or-bottles-black-22,0.31,1.17,0.55,reservations-black-22,0.23,1.18,0.87,chapel-black-22,0.23,1.18,0.89
ice-black-22,
ice-cream-black-22,womens-restroom-black-22,0.29,1.04,1.00,electrical-hookup-black-22,0.31,1.04,0.68,wilderness-black-22,0.28,1.10,0.98
ice-fishing-black-22,fishing-license-black-22,0.28,0.91,0.79,fishing-black-22,0.24,0.96,0.85,vending-machine-black-22,0.24,0.98,0.89,bus-stop-black-22,0.30,1.11,0.86
ice-skating-black-22,
incident-black-22,mens-restroom-black-22,0.36,0.72,0.77
information-black-22,mens-restroom-black-22,0.35,1.15,0.52
in-line-skating-black-22,snowboarding-black-22,0.22,1.19,0.85
interpretive-exhibit-black-22,ticket-sales-black-22,0.37,1.16,0.69
junior-ranger-program-black-22,laundry-black-22,0.37,0.71,0.92,sewer-hookup-black-22,0.36,0.78,0.68,sanitary-disposal-station-black-22,0.35,0.85,0.98,coffee-black-22,0.35,0.88,0.94,parking-black-22,0.36,0.89,0.82,pit-toilet-black-22,0.40,0.90,0.68,museum-black-22,0.35,0.95,0.80,propane-bottle-recycling-black-22,0.40,0.95,0.92,passes-and-fees-black-22,0.42,0.95,0.93,breastfeeding-station-black-22,0.37,0.97,0.75,propane-black-22,0.41,0.98,0.94,park-film-black-22,0.42,0.98,0.74,lounge-black-22,0.40,1.00,0.75,first-aid-black-22,0.37,1.01,0.88,boat-tour-black-22,0.36,1.01,0.85,shuttle-service-black-22,0.37,1.01,0.90,trucks-black-22,0.43,1.02,0.97,aed-black-22,0.38,1.03,0.89,flush-toilets-black-22,0.39,1.04,0.85,flower-viewing-black-22,0.38,1.06,0.95,atm-black-22,0.39,1.09,0.72,maps-black-22,0.46,1.09,0.68,quagga-mussel-decontamination-station-black-22,0.39,1.14,0.87,pets-on-leash-black-22,0.35,1.14,0.83,bus-stop-black-22,0.44,1.15,0.87,rail-station-black-22,0.41,1.18,0.69
kayaking-black-22,sunny-black-22,0.26,1.19,0.96,tubing-black-22,0.24,1.19,0.85
kennel-black-22,
large-print-black-22,
laundry-black-22,passes-and-fees-black-22,0.37,0.64,0.86,sewer-hookup-black-22,0.35,0.67,0.74,junior-ranger-program-black-22,0.37,0.71,0.92,propane-black-22,0.38,0.76,0.87,propane-bottle-recycling-black-22,0.38,0.77,0.85,falling-rocks-black-22,0.33,0.78,0.96,cans-or-bottles-black-22,0.39,0.79,0.94,pit-toilet-black-22,0.40,0.81,0.74,bottles-black-22,0.40,0.82,0.89,parking-black-22,0.40,0.83,0.75,park-film-black-22,0.41,0.83,0.81,trucks-black-22,0.43,0.87,0.89,coffee-black-22,0.39,0.88,0.98,bus-stop-black-22,0.40,0.88,0.80,metro-station-black-22,0.41,0.92,0.85,maps-black-22,0.45,0.94,0.74,flush-toilets-black-22,0.42,0.99,0.78,gas-station-black-22,0.45,1.00,0.84,slippery-ramp-black-22,0.35,1.01,0.80,quiet-black-22,0.37,1.03,0.93,first-aid-black-22,0.40,1.03,0.95,lounge-black-22,0.45,1.03,0.81,wine-black-22,0.40,1.04,0.86,sanitary-disposal-station-black-22,0.42,1.07,0.94,life-jackets-black-22,0.44,1.08,0.84,vending-machine-black-22,0.43,1.12,0.62,mobile-device-charging-black-22,0.39,1.13,0.75,electric-car-charging-black-22,0.45,1.13,0.80,boat-tour-black-22,0.43,1.17,0.78,lockers-storage-black-22,0.42,1.17,0.92,stay-back-from-edge-cliff-black-22,0.37,1.18,0.75,shuttle-service-black-22,0.45,1.18,0.83
library-black-22,safety-caution-alerts-black-22,0.27,0.95,0.98,coffee-black-22,0.34,1.06,0.71,visitor-center-black-22,0.29,1.10,0.93,ranger-station-black-22,0.30,1.16,0.94,lounge-black-22,0.42,1.17,0.57,pit-toilet-black-22,0.44,1.20,0.52
lifeguard-black-22,wading-black-22,0.15,0.69,0.92,young-scientist-program-black-22,0.21,0.99,0.73,whale-viewing-black-22,0.19,1.01,0.92,stay-on-trail-black-22,0.18,1.07,0.95,safety-caution-alerts-black-22,0.24,1.18,0.64
life-jackets-black-22,lounge-black-22,0.27,0.49,0.97,pit-toilet-black-22,0.30,0.53,0.88,birding-wildlife-viewing-black-22,0.30,0.57,0.97,park-film-black-22,0.33,0.62,0.96,sanitary-disposal-station-black-22,0.29,0.64,0.79,maps-black-22,0.36,0.66,0.88,sewer-hookup-black-22,0.39,0.75,0.88,store-black-22,0.33,0.75,0.78,bottles-black-22,0.33,0.76,0.75,wine-black-22,0.35,0.84,0.72,coffee-black-22,0.37,0.85,0.83,cans-or-bottles-black-22,0.37,0.87,0.79,hospital-black-22,0.38,0.88,0.83,bear-spray-return-recycling-black-22,0.37,0.96,0.56,stay-back-from-edge-shore-black-22,0.37,0.96,0.69,boat-tour-black-22,0.40,0.99,0.65,museum-black-22,0.40,1.01,0.62,boating-permit-black-22,0.37,1.02,0.57,quiet-black-22,0.42,1.04,0.78,boat-launch-black-22,0.37,1.05,0.60,trucks-black-22,0.44,1.05,0.75,tactile-exhibit-black-22,0.40,1.07,0.66,newspaper-black-22,0.44,1.08,0.88,climbing-black-22,0.43,1.08,0.81,cabin-black-22,0.40,1.08,0.70,laundry-black-22,0.44,1.08,0.84,falling-rocks-black-22,0.43,1.09,0.80,aed-black-22,0.45,1.09,0.87,trash-dumpster-black-22,0.41,1.11,0.69,photography-black-22,0.42,1.11,0.72,fishing-license-black-22,0.43,1.14,0.73,automobiles-black-22,0.42,1.15,0.70,paddle-boating-black-22,0.42,1.15,0.67,aquatic-invasive-species-inspection-sticker-black-22,0.39,1.16,0.58,gas-station-black-22,0.43,1.18,0.71,electric-car-charging-black-22,0.42,1.18,0.68,propane-black-22,0.44,1.19,0.73
lighthouse-black-22,fire-extinguisher-black-22,0.23,0.84,0.87
litter-receptacle-black-22,cans-or-bottles-black-22,0.35,1.14,0.61,wine-black-22,0.32,1.15,0.67
live-audio-description-black-22,
lock-bikes-black-22,bike-rental-black-22,0.19,0.88,0.88,bike-repairs-black-22,0.21,1.10,0.90
lock-black-22,hospital-black-22,0.32,1.06,0.66
lockers-storage-black-22,food-cache-black-22,0.27,0.76,0.87,sewer-hookup-black-22,0.41,0.92,0.68,first-aid-black-22,0.37,0.97,0.88,photography-black-22,0.35,1.08,0.93,lounge-black-22,0.44,1.11,0.75,maps-black-22,0.47,1.16,0.68,laundry-black-22,0.42,1.17,0.92
lodging-black-22,boat-trailer-parking-black-22,0.24,0.65,0.74,motorboating-black-22,0.26,0.66,0.87,bridge-black-22,0.30,0.70,0.93,boating-black-22,0.30,0.90,0.74,rv-campground-black-22,0.38,0.92,0.99,bear-viewing-black-22,0.39,1.06,0.87,ticket-sales-black-22,0.49,1.08,0.91,automobiles-black-22,0.36,1.18,0.70,paddle-boating-black-22,0.31,1.19,0.73
lookout-tower-black-22,
lounge-black-22,life-jackets-black-22,0.27,0.49,0.97,maps-black-22,0.29,0.50,0.91,park-film-black-22,0.33,0.58,0.99,birding-wildlife-viewing-black-22,0.31,0.60,0.93,pit-toilet-black-22,0.35,0.62,0.91,sewer-hookup-black-22,0.35,0.64,0.91,sanitary-disposal-station-black-22,0.34,0.66,0.76,first-aid-black-22,0.33,0.71,0.85,coffee-black-22,0.36,0.74,0.80,cabin-black-22,0.34,0.76,0.68,souvenir-shop-black-22,0.34,0.79,0.76,cans-or-bottles-black-22,0.36,0.80,0.76,newspaper-black-22,0.39,0.83,0.85,fishing-license-black-22,0.37,0.85,0.71,automobiles-black-22,0.37,0.86,0.67,generators-black-22,0.41,0.87,0.83,flower-viewing-black-22,0.38,0.91,0.79,photography-black-22,0.39,0.91,0.70,river-rafting-black-22,0.36,0.93,0.67,store-black-22,0.40,0.96,0.75,museum-black-22,0.41,0.97,0.60,stay-back-from-edge-shore-black-22,0.38,0.99,0.66,junior-ranger-program-black-22,0.40,1.00,0.75,slippery-ramp-black-22,0.39,1.02,0.65,trucks-black-22,0.43,1.02,0.73,canoe-access-black-22,0.41,1.02,0.64,boat-tour-black-22,0.44,1.03,0.63,laundry-black-22,0.45,1.03,0.81,propane-black-22,0.41,1.06,0.70,quagga-mussel-decontamination-station-black-22,0.39,1.07,0.65,wine-black-22,0.42,1.07,0.70,climbing-black-22,0.44,1.07,0.78,falling-rocks-black-22,0.44,1.08,0.78,metro-station-black-22,0.48,1.08,0.96,vehicle-ferry-black-22,0.41,1.09,0.59,shuttle-service-black-22,0.43,1.10,0.67,lockers-storage-black-22,0.44,1.11,0.75,sailing-black-22,0.40,1.13,0.60,aed-black-22,0.48,1.13,0.84,wind-surfing-black-22,0.41,1.13,0.62,passes-and-fees-black-22,0.45,1.14,0.70,stay-back-from-edge-cliff-black-22,0.41,1.15,0.61,paddle-boating-black-22,0.45,1.15,0.65,bottles-black-22,0.44,1.16,0.73,stagecoach-rides-black-22,0.43,1.16,0.54,tactile-exhibit-black-22,0.42,1.16,0.64,boating-permit-black-22,0.42,1.17,0.55,hospital-black-22,0.46,1.17,0.80,personal-watercraft-black-22,0.43,1.17,0.59,library-black-22,0.42,1.17,0.57,directions-black-22,0.42,1.18,0.66,propane-bottle-recycling-black-22,0.43,1.18,0.69,quiet-black-22,0.45,1.18,0.75,gas-station-black-22,0.44,1.18,0.69,customs-black-22,0.41,1.19,0.54
low-vision-access-black-22,walking-black-22,0.14,0.59,0.98,mens-restroom-black-22,0.18,0.97,0.91
maps-black-22,sewer-hookup-black-22,0.28,0.45,0.99,lounge-black-22,0.29,0.50,0.91,newspaper-black-22,0.28,0.51,0.77,park-film-black-22,0.33,0.57,0.91,pit-toilet-black-22,0.35,0.59,0.99,life-jackets-black-22,0.36,0.66,0.88,birding-wildlife-viewing-black-22,0.36,0.67,0.85,sanitary-disposal-station-black-22,0.38,0.74,0.69,generators-black-22,0.37,0.75,0.75,aed-black-22,0.37,0.75,0.76,coffee-black-22,0.38,0.78,0.73,museum-black-22,0.38,0.82,0.54,metro-station-black-22,0.44,0.87,0.87,souvenir-shop-black-22,0.40,0.89,0.69,cabin-black-22,0.39,0.91,0.62,trucks-black-22,0.43,0.92,0.66,first-aid-black-22,0.43,0.92,0.77,hospital-black-22,0.42,0.93,0.73,laundry-black-22,0.45,0.94,0.74,boat-tour-black-22,0.42,0.95,0.58,photography-black-22,0.41,0.97,0.63,flower-viewing-black-22,0.43,0.99,0.72,bottles-black-22,0.42,0.99,0.66,cans-or-bottles-black-22,0.45,1.00,0.69,trailhead-information-black-22,0.41,1.02,0.49,store-black-22,0.44,1.02,0.68,climbing-black-22,0.46,1.07,0.71,ticket-sales-black-22,0.44,1.08,0.47,junior-ranger-program-black-22,0.46,1.09,0.68,quiet-black-22,0.46,1.10,0.69,shuttle-service-black-22,0.44,1.11,0.61,automobiles-black-22,0.45,1.13,0.61,quagga-mussel-decontamination-station-black-22,0.45,1.15,0.59,lockers-storage-black-22,0.47,1.16,0.68,pets-off-leash-black-22,0.44,1.16,0.55,passes-and-fees-black-22,0.48,1.17,0.63,paddle-boating-black-22,0.46,1.18,0.59,fishing-license-black-22,0.47,1.18,0.65,wine-black-22,0.47,1.18,0.63,falling-rocks-black-22,0.49,1.19,0.71,propane-black-22,0.47,1.19,0.64,gas-station-black-22,0.47,1.20,0.62
marina-black-22,
mechanic-black-22,
mens-restroom-black-22,incident-black-22,0.36,0.72,0.77,bottle-filling-station-black-22,0.17,0.82,0.63,bear-spray-black-22,0.17,0.88,0.72,low-vision-access-black-22,0.18,0.97,0.91,telephone-black-22,0.36,1.03,0.89,reservations-black-22,0.39,1.12,0.61,information-black-22,0.35,1.15,0.52
metal-detecting-black-22,
metro-station-black-22,sewer-hookup-black-22,0.35,0.63,0.87,maps-black-22,0.44,0.87,0.87,pit-toilet-black-22,0.44,0.89,0.87,laundry-black-22,0.41,0.92,0.85,lounge-black-22,0.48,1.08,0.96,park-film-black-22,0.49,1.13,0.95
mobile-device-charging-black-22,pit-toilet-black-22,0.42,1.09,0.55,spring-black-22,0.30,1.11,0.96,laundry-black-22,0.39,1.13,0.75,wine-black-22,0.37,1.17,0.87,entrance-black-22,0.31,1.17,0.99
monument-black-22,statue-black-22,0.14,0.31,0.91,fire-extinguisher-black-22,0.19,0.56,0.87,womens-restroom-black-22,0.27,0.73,0.87,chapel-black-22,0.33,0.80,0.88,walking-black-22,0.29,0.86,0.80,wilderness-black-22,0.26,0.88,0.85,reservations-black-22,0.36,0.91,0.86,archery-black-22,0.24,0.93,0.83,telephone-black-22,0.31,0.96,0.80,construction-black-22,0.29,1.02,0.86,baseball-black-22,0.27,1.06,0.74,entrance-station-black-22,0.24,1.07,0.88,trailhead-black-22,0.28,1.14,0.94,golfing-black-22,0.29,1.14,0.63,store-black-22,0.30,1.15,0.55
motor-bike-trail-black-22,
motorboating-black-22,boating-black-22,0.17,0.37,0.85,rowboating-black-22,0.16,0.55,0.78,boat-trailer-parking-black-22,0.19,0.59,0.85,airboat-black-22,0.17,0.66,0.91,lodging-black-22,0.26,0.66,0.87,tubing-black-22,0.22,0.78,0.95,bear-viewing-black-22,0.35,1.00,0.76,vehicle-ferry-black-22,0.34,1.01,0.69,shipwreck-black-22,0.24,1.02,0.86,ranger-led-events-black-22,0.34,1.05,0.89,ticket-sales-black-22,0.40,1.07,0.79,waterfowl-black-22,0.30,1.11,0.85,canoe-access-black-22,0.27,1.12,0.64,fish-hatchery-black-22,0.30,1.17,0.97
museum-black-22,pit-toilet-black-22,0.32,0.67,0.55,cans-or-bottles-black-22,0.28,0.67,0.78,safety-caution-alerts-black-22,0.26,0.71,0.97,flower-viewing-black-22,0.30,0.72,0.76,wine-black-22,0.29,0.78,0.86,aed-black-22,0.32,0.78,0.71,sailing-black-22,0.28,0.80,1.00,maps-black-22,0.38,0.82,0.54,park-film-black-22,0.42,0.83,0.59,coffee-black-22,0.37,0.88,0.75,visitor-center-black-22,0.30,0.89,0.97,first-aid-black-22,0.35,0.93,0.70,boat-tour-black-22,0.42,0.93,0.94,photography-black-22,0.39,0.93,0.86,junior-ranger-program-black-22,0.35,0.95,0.80,shuttle-service-black-22,0.36,0.96,0.89,vehicle-ferry-black-22,0.37,0.97,0.99,ranger-station-black-22,0.32,0.97,0.98,lounge-black-22,0.41,0.97,0.60,river-rafting-black-22,0.32,0.98,0.90,paddle-boating-black-22,0.34,0.98,0.92,store-black-22,0.34,0.99,0.80,winter-recreation-area-black-22,0.33,0.99,0.98,newspaper-black-22,0.41,0.99,0.70,bottles-black-22,0.35,1.00,0.82,sea-lion-viewing-black-22,0.34,1.00,0.99,life-jackets-black-22,0.40,1.01,0.62,ticket-sales-black-22,0.44,1.01,0.87,falling-rocks-black-22,0.36,1.02,0.77,generators-black-22,0.45,1.03,0.72,canoe-access-black-22,0.34,1.05,0.93,boat-launch-black-22,0.35,1.05,0.98,trailer-site-black-22,0.38,1.07,0.90,personal-watercraft-black-22,0.34,1.07,0.98,gas-station-black-22,0.36,1.08,0.87,bear-viewing-black-22,0.38,1.08,0.91,spring-black-22,0.34,1.09,0.98,sewer-hookup-black-22,0.45,1.09,0.55,pets-off-leash-black-22,0.36,1.10,0.99,alcohol-black-22,0.31,1.12,0.94,quagga-mussel-decontamination-station-black-22,0.35,1.13,0.92,sanitary-disposal-station-black-22,0.38,1.14,0.78,floating-dump-station-black-22,0.36,1.14,0.73,picnic-shelter-black-22,0.29,1.15,0.91,pets-on-leash-black-22,0.37,1.15,0.97,birding-wildlife-viewing-black-22,0.42,1.15,0.64,entrance-station-black-22,0.35,1.16,0.79,atm-black-22,0.35,1.17,0.91,souvenir-shop-black-22,0.39,1.17,0.79,stay-back-from-edge-shore-black-22,0.36,1.17,0.90,art-black-22,0.32,1.18,0.64,climbing-black-22,0.39,1.18,0.77,trucks-black-22,0.44,1.18,0.82,slippery-ramp-black-22,0.36,1.18,0.91,aquatic-invasive-species-inspection-sticker-black-22,0.39,1.19,0.94,tactile-exhibit-black-22,0.33,1.20,0.93,propane-black-22,0.39,1.20,0.85
newspaper-black-22,maps-black-22,0.28,0.51,0.77,lounge-black-22,0.39,0.83,0.85,generators-black-22,0.37,0.84,0.97,sewer-hookup-black-22,0.42,0.88,0.78,sanitary-disposal-station-black-22,0.43,0.93,0.90,park-film-black-22,0.46,0.94,0.85,pit-toilet-black-22,0.44,0.95,0.78,museum-black-22,0.41,0.99,0.70,boat-tour-black-22,0.42,1.02,0.74,life-jackets-black-22,0.44,1.08,0.88,aed-black-22,0.44,1.10,0.99,store-black-22,0.39,1.12,0.88,trucks-black-22,0.43,1.13,0.85,birding-wildlife-viewing-black-22,0.45,1.13,0.91,photography-black-22,0.43,1.14,0.82,coffee-black-22,0.44,1.15,0.94,souvenir-shop-black-22,0.40,1.17,0.89,fishing-license-black-22,0.43,1.18,0.83,first-aid-black-22,0.45,1.19,1.00
no-mobile-devices-black-22,
open-captioning-black-22,closed-captioning-black-22,0.03,0.05,0.96,ticket-sales-black-22,0.44,1.01,0.78,utv-black-22,0.28,1.04,0.98,personal-watercraft-black-22,0.26,1.05,0.70,radios-black-22,0.38,1.16,0.99,towing-black-22,0.33,1.16,0.86,river-rafting-black-22,0.28,1.20,0.61
open-to-the-public-black-22,
paddle-boating-black-22,personal-watercraft-black-22,0.18,0.47,0.90,river-rafting-black-22,0.18,0.48,0.98,coffee-black-22,0.31,0.78,0.81,canoe-access-black-22,0.28,0.81,0.99,cans-or-bottles-black-22,0.32,0.90,0.85,ticket-sales-black-22,0.29,0.92,0.80,store-black-22,0.31,0.93,0.87,flush-toilets-black-22,0.29,0.94,0.97,bear-viewing-black-22,0.28,0.94,0.83,vehicle-ferry-black-22,0.30,0.96,0.91,photography-black-22,0.33,0.98,0.93,museum-black-22,0.34,0.98,0.92,sewer-hookup-black-22,0.41,1.00,0.59,ranger-station-black-22,0.30,1.02,0.94,safety-caution-alerts-black-22,0.32,1.06,0.89,bottles-black-22,0.35,1.09,0.89,falling-rocks-black-22,0.36,1.09,0.84,visitor-center-black-22,0.32,1.10,0.95,dog-sledding-black-22,0.30,1.13,0.65,trailer-site-black-22,0.32,1.14,0.83,lounge-black-22,0.45,1.15,0.65,life-jackets-black-22,0.42,1.15,0.67,maps-black-22,0.46,1.18,0.59,birding-wildlife-viewing-black-22,0.42,1.18,0.70,bridge-black-22,0.32,1.18,0.78,lodging-black-22,0.31,1.19,0.73
park-film-black-22,pit-toilet-black-22,0.29,0.49,0.92,maps-black-22,0.33,0.57,0.91,lounge-black-22,0.33,0.58,0.99,birding-wildlife-viewing-black-22,0.31,0.59,0.93,aed-black-22,0.31,0.60,0.84,life-jackets-black-22,0.33,0.62,0.96,sanitary-disposal-station-black-22,0.36,0.65,0.76,sewer-hookup-black-22,0.37,0.69,0.92,flower-viewing-black-22,0.35,0.74,0.79,bottles-black-22,0.35,0.76,0.72,cans-or-bottles-black-22,0.38,0.78,0.76,generators-black-22,0.40,0.79,0.82,wine-black-22,0.36,0.80,0.69,trucks-black-22,0.39,0.80,0.72,climbing-black-22,0.37,0.83,0.78,laundry-black-22,0.41,0.83,0.81,museum-black-22,0.42,0.83,0.59,hospital-black-22,0.39,0.85,0.79,coffee-black-22,0.43,0.87,0.79,boat-tour-black-22,0.41,0.87,0.63,propane-black-22,0.38,0.88,0.70,photography-black-22,0.40,0.88,0.69,souvenir-shop-black-22,0.39,0.92,0.75,newspaper-black-22,0.46,0.94,0.85,quagga-mussel-decontamination-station-black-22,0.39,0.96,0.64,first-aid-black-22,0.42,0.96,0.85,fishing-license-black-22,0.41,0.98,0.71,junior-ranger-program-black-22,0.42,0.98,0.74,trash-dumpster-black-22,0.39,1.00,0.67,falling-rocks-black-22,0.42,1.03,0.77,ticket-sales-black-22,0.47,1.04,0.52,store-black-22,0.43,1.06,0.75,quiet-black-22,0.43,1.07,0.75,theater-black-22,0.45,1.08,0.51,trailhead-information-black-22,0.45,1.09,0.54,propane-bottle-recycling-black-22,0.44,1.10,0.69,alcohol-black-22,0.41,1.12,0.56,metro-station-black-22,0.49,1.13,0.95,automobiles-black-22,0.47,1.14,0.67,shuttle-service-black-22,0.47,1.14,0.67,aquatic-invasive-species-inspection-sticker-black-22,0.44,1.17,0.56,electric-car-charging-black-22,0.45,1.17,0.65,sea-lion-viewing-black-22,0.45,1.18,0.60,rv-trailer-hookup-black-22,0.45,1.19,0.65,tactile-exhibit-black-22,0.43,1.19,0.64
parking-black-22,laundry-black-22,0.40,0.83,0.75,junior-ranger-program-black-22,0.36,0.89,0.82,trucks-black-22,0.34,0.92,0.84,aed-black-22,0.33,0.96,0.73,passes-and-fees-black-22,0.41,0.98,0.88,ticket-sales-black-22,0.31,1.03,0.85,bus-stop-black-22,0.38,1.09,0.94,bottles-black-22,0.42,1.17,0.84
passes-and-fees-black-22,laundry-black-22,0.37,0.64,0.86,propane-black-22,0.39,0.77,0.99,sewer-hookup-black-22,0.39,0.84,0.64,coffee-black-22,0.35,0.86,0.87,falling-rocks-black-22,0.33,0.88,0.90,propane-bottle-recycling-black-22,0.43,0.89,0.99,gas-station-black-22,0.40,0.93,0.98,junior-ranger-program-black-22,0.42,0.95,0.93,flush-toilets-black-22,0.38,0.98,0.91,quiet-black-22,0.33,0.98,0.93,parking-black-22,0.41,0.98,0.88,trucks-black-22,0.45,1.06,0.96,first-aid-black-22,0.39,1.07,0.82,vending-machine-black-22,0.43,1.08,0.72,bookstore-black-22,0.47,1.11,0.63,breastfeeding-station-black-22,0.44,1.11,0.81,electric-car-charging-black-22,0.41,1.11,0.94,bottles-black-22,0.46,1.14,0.96,lounge-black-22,0.45,1.14,0.70,pit-toilet-black-22,0.47,1.14,0.64,maps-black-22,0.48,1.17,0.63,watch-for-falling-ice-black-22,0.38,1.17,0.76,cans-or-bottles-black-22,0.48,1.17,0.91,slippery-ramp-black-22,0.37,1.17,0.94,reservations-black-22,0.50,1.18,0.69
passport-stamps-black-22,directions-black-22,0.25,0.99,0.66
pedestrian-crossing-black-22,stay-on-trail-black-22,0.13,0.66,0.91,snow-shoeing-black-22,0.19,1.18,0.86
personal-watercraft-black-22,paddle-boating-black-22,0.18,0.47,0.90,river-rafting-black-22,0.20,0.59,0.88,safety-caution-alerts-black-22,0.23,0.72,0.99,snowmobile-trail-black-22,0.23,0.81,0.81,coffee-black-22,0.31,0.83,0.73,canoe-access-black-22,0.28,0.87,0.91,vehicle-ferry-black-22,0.28,0.95,0.99,store-black-22,0.31,0.96,0.78,visitor-center-black-22,0.29,1.01,0.95,ranger-station-black-22,0.29,1.01,0.96,flush-toilets-black-22,0.30,1.04,0.93,open-captioning-black-22,0.26,1.05,0.70,museum-black-22,0.34,1.07,0.98,photography-black-22,0.34,1.08,0.84,ticket-sales-black-22,0.31,1.08,0.89,cans-or-bottles-black-22,0.35,1.09,0.77,closed-captioning-black-22,0.26,1.10,0.67,ranger-led-events-black-22,0.27,1.16,0.63,bus-stop-black-22,0.32,1.16,0.90,lounge-black-22,0.43,1.17,0.59,breastfeeding-station-black-22,0.31,1.18,0.96,bear-viewing-black-22,0.32,1.20,0.92,sewer-hookup-black-22,0.45,1.20,0.54
pets-off-leash-black-22,pets-on-leash-black-22,0.08,0.19,0.98,deer-viewing-black-22,0.20,0.69,0.78,cans-or-bottles-black-22,0.28,0.74,0.79,ranger-station-black-22,0.25,0.77,0.99,sea-lion-viewing-black-22,0.27,0.84,1.00,horseback-riding-black-22,0.24,0.86,0.89,coffee-black-22,0.34,0.91,0.76,visitor-center-black-22,0.29,0.94,0.98,safety-caution-alerts-black-22,0.30,1.04,0.96,grill-black-22,0.29,1.09,0.89,museum-black-22,0.36,1.10,0.99,waterfowl-black-22,0.29,1.13,0.80,exercise-fitness-black-22,0.31,1.15,0.87,bear-viewing-black-22,0.31,1.15,0.90,automobiles-black-22,0.34,1.15,0.89,bottles-black-22,0.36,1.15,0.83,maps-black-22,0.44,1.16,0.55,pit-toilet-black-22,0.44,1.17,0.55,sewer-hookup-black-22,0.44,1.18,0.55
pets-on-leash-black-22,pets-off-leash-black-22,0.08,0.19,0.98,deer-viewing-black-22,0.20,0.72,0.77,coffee-black-22,0.33,0.92,0.77,sea-lion-viewing-black-22,0.29,0.94,0.98,cans-or-bottles-black-22,0.33,0.97,0.81,ranger-station-black-22,0.28,0.99,0.99,sewer-hookup-black-22,0.41,1.06,0.56,junior-ranger-program-black-22,0.35,1.14,0.83,museum-black-22,0.37,1.15,0.97,horseback-riding-black-22,0.30,1.15,0.87,visitor-center-black-22,0.32,1.16,1.00,pit-toilet-black-22,0.44,1.16,0.56,waterfowl-black-22,0.30,1.20,0.78
photography-black-22,park-film-black-22,0.40,0.88,0.69,lounge-black-22,0.39,0.91,0.70,aed-black-22,0.35,0.92,0.83,alcohol-black-22,0.29,0.93,0.80,museum-black-22,0.39,0.93,0.86,cans-or-bottles-black-22,0.34,0.94,0.91,wine-black-22,0.32,0.95,1.00,maps-black-22,0.41,0.97,0.63,snack-bar-black-22,0.31,0.97,0.76,paddle-boating-black-22,0.33,0.98,0.93,ticket-sales-black-22,0.40,0.99,0.75,coffee-black-22,0.38,1.01,0.87,trailer-site-black-22,0.40,1.03,0.77,birding-wildlife-viewing-black-22,0.39,1.03,0.75,canoe-access-black-22,0.34,1.07,0.92,lockers-storage-black-22,0.35,1.08,0.93,personal-watercraft-black-22,0.34,1.08,0.84,first-aid-black-22,0.38,1.08,0.82,customs-black-22,0.34,1.09,0.78,bottles-black-22,0.35,1.10,0.96,generators-black-22,0.46,1.11,0.84,life-jackets-black-22,0.42,1.11,0.72,sewer-hookup-black-22,0.45,1.12,0.64,newspaper-black-22,0.43,1.14,0.82,river-rafting-black-22,0.35,1.14,0.95,store-black-22,0.37,1.16,0.93,sanitary-disposal-station-black-22,0.41,1.17,0.91,safety-caution-alerts-black-22,0.36,1.18,0.83,swimming-black-22,0.40,1.19,0.63
picnic-area-black-22,
picnic-shelter-black-22,sleeping-shelter-black-22,0.16,0.59,0.89,museum-black-22,0.29,1.15,0.91
pit-toilet-black-22,park-film-black-22,0.29,0.49,0.92,life-jackets-black-22,0.30,0.53,0.88,maps-black-22,0.35,0.59,0.99,sewer-hookup-black-22,0.36,0.61,1.00,lounge-black-22,0.35,0.62,0.91,aed-black-22,0.33,0.65,0.77,museum-black-22,0.32,0.67,0.55,sanitary-disposal-station-black-22,0.36,0.68,0.70,birding-wildlife-viewing-black-22,0.36,0.69,0.85,flower-viewing-black-22,0.36,0.77,0.72,coffee-black-22,0.37,0.78,0.73,cans-or-bottles-black-22,0.38,0.79,0.70,trucks-black-22,0.38,0.79,0.66,laundry-black-22,0.40,0.81,0.74,wine-black-22,0.38,0.86,0.64,first-aid-black-22,0.41,0.86,0.78,metro-station-black-22,0.44,0.89,0.87,junior-ranger-program-black-22,0.40,0.90,0.68,bottles-black-22,0.40,0.92,0.66,tactile-exhibit-black-22,0.39,0.93,0.59,newspaper-black-22,0.44,0.95,0.78,electric-car-charging-black-22,0.39,0.95,0.60,ticket-sales-black-22,0.41,0.96,0.48,hospital-black-22,0.43,0.96,0.73,quagga-mussel-decontamination-station-black-22,0.40,0.98,0.59,community-garden-black-22,0.40,1.02,0.47,propane-black-22,0.43,1.02,0.64,shuttle-service-black-22,0.42,1.03,0.61,boat-tour-black-22,0.45,1.04,0.58,stay-back-from-edge-shore-black-22,0.42,1.05,0.61,generators-black-22,0.46,1.05,0.76,climbing-black-22,0.45,1.05,0.71,quiet-black-22,0.45,1.05,0.69,entrance-station-black-22,0.41,1.06,0.43,visitor-center-black-22,0.42,1.07,0.56,mobile-device-charging-black-22,0.42,1.09,0.55,watch-for-falling-ice-black-22,0.41,1.09,0.48,fishing-license-black-22,0.45,1.10,0.65,bear-spray-return-recycling-black-22,0.43,1.11,0.49,propane-bottle-recycling-black-22,0.45,1.11,0.63,slippery-ramp-black-22,0.44,1.13,0.60,rv-trailer-hookup-black-22,0.44,1.13,0.60,falling-rocks-black-22,0.47,1.13,0.71,passes-and-fees-black-22,0.47,1.14,0.64,sailing-black-22,0.43,1.15,0.55,gas-station-black-22,0.45,1.15,0.63,wind-surfing-black-22,0.44,1.15,0.57,pets-on-leash-black-22,0.44,1.16,0.56,store-black-22,0.48,1.17,0.69,pets-off-leash-black-22,0.44,1.17,0.55,webcam-black-22,0.45,1.18,0.57,text-telephone-service-black-22,0.46,1.18,0.62,ranger-station-black-22,0.44,1.18,0.56,theater-black-22,0.45,1.19,0.47,library-black-22,0.44,1.20,0.52
playground-black-22,
point-of-interest-black-22,
post-office-black-22,
propane-black-22,propane-bottle-recycling-black-22,0.15,0.26,0.98,flower-viewing-black-22,0.30,0.76,0.89,laundry-black-22,0.38,0.76,0.87,passes-and-fees-black-22,0.39,0.77,0.99,coffee-black-22,0.32,0.81,0.88,sewer-hookup-black-22,0.37,0.84,0.64,cans-or-bottles-black-22,0.35,0.85,0.92,park-film-black-22,0.38,0.88,0.70,falling-rocks-black-22,0.32,0.88,0.90,bookstore-black-22,0.37,0.91,0.63,first-aid-black-22,0.35,0.94,0.83,sailing-black-22,0.34,0.96,0.85,slippery-ramp-black-22,0.31,0.97,0.93,junior-ranger-program-black-22,0.41,0.98,0.94,breastfeeding-station-black-22,0.38,0.98,0.80,emergency-telephone-black-22,0.38,1.01,0.68,bottles-black-22,0.41,1.01,0.97,atm-black-22,0.40,1.01,0.77,pit-toilet-black-22,0.43,1.02,0.64,stay-back-from-edge-cliff-black-22,0.31,1.03,0.87,sanitary-disposal-station-black-22,0.38,1.04,0.92,flush-toilets-black-22,0.38,1.04,0.90,lounge-black-22,0.41,1.06,0.70,reservations-black-22,0.43,1.10,0.68,wine-black-22,0.39,1.14,0.99,quiet-black-22,0.37,1.14,0.93,life-jackets-black-22,0.44,1.19,0.73,maps-black-22,0.47,1.19,0.64,museum-black-22,0.39,1.20,0.85
propane-bottle-recycling-black-22,propane-black-22,0.15,0.26,0.98,laundry-black-22,0.38,0.77,0.85,coffee-black-22,0.32,0.80,0.87,falling-rocks-black-22,0.30,0.82,0.89,breastfeeding-station-black-22,0.34,0.85,0.81,sewer-hookup-black-22,0.38,0.87,0.63,atm-black-22,0.36,0.88,0.78,passes-and-fees-black-22,0.43,0.89,0.99,flower-viewing-black-22,0.34,0.93,0.88,first-aid-black-22,0.35,0.95,0.81,junior-ranger-program-black-22,0.40,0.95,0.92,reservations-black-22,0.38,0.97,0.70,sailing-black-22,0.35,1.01,0.87,cans-or-bottles-black-22,0.40,1.02,0.91,wine-black-22,0.38,1.09,0.99,emergency-telephone-black-22,0.40,1.09,0.69,bookstore-black-22,0.41,1.10,0.64,park-film-black-22,0.44,1.10,0.69,sanitary-disposal-station-black-22,0.40,1.10,0.91,gas-station-black-22,0.42,1.11,0.99,pit-toilet-black-22,0.45,1.11,0.63,flush-toilets-black-22,0.40,1.16,0.91,lounge-black-22,0.43,1.18,0.69,electrical-hookup-black-22,0.43,1.19,0.76,slippery-ramp-black-22,0.35,1.20,0.94
quagga-mussel-decontamination-station-black-22,recycling-black-22,0.25,0.88,0.80,trucks-black-22,0.36,0.92,0.89,park-film-black-22,0.39,0.96,0.64,aed-black-22,0.34,0.96,0.77,pit-toilet-black-22,0.40,0.98,0.59,bus-stop-black-22,0.33,1.00,1.00,lounge-black-22,0.39,1.07,0.65,webcam-black-22,0.35,1.09,0.97,sanitary-disposal-station-black-22,0.38,1.09,0.85,museum-black-22,0.35,1.13,0.92,junior-ranger-program-black-22,0.39,1.14,0.87,maps-black-22,0.45,1.15,0.59,bottles-black-22,0.39,1.16,0.89
quiet-black-22,cans-or-bottles-black-22,0.29,0.76,0.99,snack-bar-black-22,0.29,0.94,0.71,passes-and-fees-black-22,0.33,0.98,0.93,laundry-black-22,0.37,1.03,0.93,life-jackets-black-22,0.42,1.04,0.78,bottles-black-22,0.36,1.04,0.96,pit-toilet-black-22,0.45,1.05,0.69,breastfeeding-station-black-22,0.32,1.06,0.75,reservations-black-22,0.30,1.07,0.64,park-film-black-22,0.43,1.07,0.75,watch-for-falling-ice-black-22,0.33,1.08,0.70,maps-black-22,0.46,1.10,0.69,birding-wildlife-viewing-black-22,0.42,1.11,0.81,sanitary-disposal-station-black-22,0.42,1.13,0.99,propane-black-22,0.37,1.14,0.93,sewer-hookup-black-22,0.48,1.16,0.69,sea-lion-viewing-black-22,0.35,1.16,0.80,trucks-black-22,0.38,1.17,0.96,lounge-black-22,0.45,1.18,0.75
radiator-water-black-22,
radios-black-22,ticket-sales-black-22,0.47,1.09,0.80,closed-captioning-black-22,0.38,1.15,0.94,open-captioning-black-22,0.38,1.16,0.99
rail-station-black-22,electrical-hookup-black-22,0.29,0.88,0.97,boat-tour-black-22,0.34,1.13,0.81,junior-ranger-program-black-22,0.41,1.18,0.69
ranger-led-events-black-22,safety-caution-alerts-black-22,0.21,0.79,0.63,shipwreck-black-22,0.20,0.83,0.96,fish-hatchery-black-22,0.26,1.02,0.86,ticket-sales-black-22,0.41,1.04,0.70,motorboating-black-22,0.34,1.05,0.89,tubing-black-22,0.27,1.05,0.84,snowmobile-trail-black-22,0.26,1.07,0.77,rowboating-black-22,0.26,1.09,0.70,vehicle-ferry-black-22,0.37,1.15,0.62,personal-watercraft-black-22,0.27,1.16,0.63,cannon-black-22,0.34,1.17,0.94,rv-campground-black-22,0.41,1.19,0.77,campsite-black-22,0.24,1.19,0.93
ranger-station-black-22,visitor-center-black-22,0.05,0.10,0.99,cans-or-bottles-black-22,0.25,0.61,0.80,pets-off-leash-black-22,0.25,0.77,0.99,safety-caution-alerts-black-22,0.23,0.77,0.95,bear-viewing-black-22,0.24,0.86,0.89,sea-lion-viewing-black-22,0.28,0.96,1.00,coffee-black-22,0.34,0.96,0.76,museum-black-22,0.32,0.97,0.98,breastfeeding-station-black-22,0.30,0.97,0.92,pets-on-leash-black-22,0.28,0.99,0.99,personal-watercraft-black-22,0.29,1.01,0.96,paddle-boating-black-22,0.30,1.02,0.94,river-rafting-black-22,0.30,1.02,0.92,campsite-black-22,0.24,1.04,0.65,bottles-black-22,0.35,1.04,0.84,deer-viewing-black-22,0.28,1.04,0.78,bus-stop-black-22,0.34,1.09,0.94,grill-black-22,0.31,1.11,0.88,sewer-hookup-black-22,0.43,1.11,0.56,sailing-black-22,0.33,1.12,0.99,ticket-sales-black-22,0.31,1.13,0.85,shuttle-service-black-22,0.35,1.13,0.91,library-black-22,0.30,1.16,0.94,snowmobile-trail-black-22,0.28,1.16,0.78,spring-black-22,0.31,1.17,0.96,pit-toilet-black-22,0.44,1.18,0.56
rattlesnakes-black-22,
recycling-black-22,quagga-mussel-decontamination-station-black-22,0.25,0.88,0.80
rentals-black-22,ticket-sales-black-22,0.33,1.16,0.93
reservations-black-22,chapel-black-22,0.35,0.73,0.98,gas-station-black-22,0.28,0.78,0.70,womens-restroom-black-22,0.35,0.84,0.75,statue-black-22,0.34,0.88,0.79,fire-extinguisher-black-22,0.28,0.88,0.99,falling-rocks-black-22,0.29,0.90,0.62,entrance-station-black-22,0.26,0.91,0.98,monument-black-22,0.36,0.91,0.86,wood-gathering-black-22,0.23,0.92,0.86,store-black-22,0.28,0.96,0.64,propane-bottle-recycling-black-22,0.38,0.97,0.70,wine-black-22,0.31,1.02,0.69,bottle-filling-station-black-22,0.25,1.04,0.98,telephone-black-22,0.39,1.06,0.69,quiet-black-22,0.30,1.07,0.64,wilderness-black-22,0.34,1.07,0.73,propane-black-22,0.43,1.10,0.68,table-service-black-22,0.27,1.10,0.98,bookstore-black-22,0.39,1.11,0.91,walking-black-22,0.38,1.11,0.69,mens-restroom-black-22,0.39,1.12,0.61,electric-car-charging-black-22,0.33,1.12,0.74,flush-toilets-black-22,0.35,1.13,0.76,atm-black-22,0.38,1.15,0.89,hunting-black-22,0.23,1.18,0.87,passes-and-fees-black-22,0.50,1.18,0.69,coffee-black-22,0.37,1.18,0.60,alcohol-black-22,0.27,1.18,0.86
restrooms-black-22,family-restroom-black-22,0.09,0.22,0.99
river-rafting-black-22,paddle-boating-black-22,0.18,0.48,0.98,personal-watercraft-black-22,0.20,0.59,0.88,safety-caution-alerts-black-22,0.23,0.72,0.87,coffee-black-22,0.30,0.80,0.83,canoe-access-black-22,0.28,0.88,0.97,lounge-black-22,0.36,0.93,0.67,museum-black-22,0.32,0.98,0.90,cans-or-bottles-black-22,0.34,0.98,0.87,first-aid-black-22,0.35,0.98,0.78,sewer-hookup-black-22,0.41,1.02,0.61,ranger-station-black-22,0.30,1.02,0.92,visitor-center-black-22,0.31,1.08,0.92,vehicle-ferry-black-22,0.31,1.09,0.89,photography-black-22,0.35,1.14,0.95,sailing-black-22,0.33,1.18,0.90,store-black-22,0.37,1.18,0.89,boat-trailer-parking-black-22,0.28,1.19,0.52,open-captioning-black-22,0.28,1.20,0.61
rock-collecting-black-22,
rowboating-black-22,motorboating-black-22,0.16,0.55,0.78,airboat-black-22,0.23,0.83,0.85,vehicle-ferry-black-22,0.28,0.90,0.89,ticket-sales-black-22,0.29,1.02,0.99,sea-lion-viewing-black-22,0.29,1.05,0.87,ranger-led-events-black-22,0.26,1.09,0.70,sailing-black-22,0.28,1.11,0.88,first-aid-black-22,0.35,1.12,0.62,cans-or-bottles-black-22,0.35,1.18,0.69,automobiles-black-22,0.35,1.18,0.78,floating-dump-station-black-22,0.28,1.19,0.83
rr-xing-black-22,
rv-campground-black-22,ticket-sales-black-22,0.25,0.41,0.92,trailer-site-black-22,0.26,0.50,0.89,generators-black-22,0.32,0.68,0.58,boat-tour-black-22,0.31,0.70,0.76,towing-black-22,0.27,0.83,0.73,fish-cleaning-black-22,0.35,0.83,0.95,rv-trailer-hookup-black-22,0.28,0.85,0.73,lodging-black-22,0.38,0.92,0.99,stagecoach-rides-black-22,0.33,0.92,0.89,water-hookup-black-22,0.25,0.98,0.95,coffee-black-22,0.32,1.02,0.60,automobiles-black-22,0.41,1.17,0.71,bear-viewing-black-22,0.47,1.18,0.89,first-aid-black-22,0.38,1.18,0.56,ranger-led-events-black-22,0.41,1.19,0.77,bridge-black-22,0.46,1.19,0.94
rv-trailer-hookup-black-22,trailer-site-black-22,0.22,0.68,0.82,ticket-sales-black-22,0.25,0.77,0.79,rv-campground-black-22,0.28,0.85,0.73,generators-black-22,0.36,0.99,0.79,fish-cleaning-black-22,0.29,1.11,0.69,pit-toilet-black-22,0.44,1.13,0.60,hospital-black-22,0.37,1.13,0.82,sanitary-disposal-station-black-22,0.42,1.14,0.86,park-film-black-22,0.45,1.19,0.65
safety-caution-alerts-black-22,campsite-black-22,0.16,0.55,0.68,visitor-center-black-22,0.21,0.68,0.94,snowmobile-trail-black-22,0.21,0.70,0.82,museum-black-22,0.26,0.71,0.97,river-rafting-black-22,0.23,0.72,0.87,young-scientist-program-black-22,0.20,0.72,0.87,personal-watercraft-black-22,0.23,0.72,0.99,ranger-station-black-22,0.23,0.77,0.95,ranger-led-events-black-22,0.21,0.79,0.63,aquatic-invasive-species-decontamination-station-black-22,0.22,0.81,0.77,coffee-black-22,0.32,0.85,0.73,vehicle-ferry-black-22,0.29,0.93,0.98,library-black-22,0.27,0.95,0.98,shipwreck-black-22,0.24,0.95,0.61,amphitheater-black-22,0.25,0.99,0.86,cans-or-bottles-black-22,0.33,1.01,0.76,ticket-sales-black-22,0.30,1.02,0.90,flower-viewing-black-22,0.33,1.03,0.73,pets-off-leash-black-22,0.30,1.04,0.96,paddle-boating-black-22,0.32,1.06,0.89,waterfowl-black-22,0.28,1.06,0.84,falling-rocks-black-22,0.33,1.08,0.75,flush-toilets-black-22,0.30,1.11,0.92,wading-black-22,0.26,1.12,0.69,tubing-black-22,0.28,1.12,0.75,sailing-black-22,0.30,1.12,0.97,winter-recreation-area-black-22,0.29,1.13,0.99,whale-viewing-black-22,0.25,1.13,0.69,store-black-22,0.34,1.15,0.77,fish-cleaning-black-22,0.29,1.15,0.79,bear-viewing-black-22,0.32,1.16,0.93,photography-black-22,0.36,1.18,0.83,boat-tour-black-22,0.35,1.18,0.92,sunny-black-22,0.29,1.18,0.85,lifeguard-black-22,0.24,1.18,0.64,spring-black-22,0.32,1.19,0.99,tramway-black-22,0.28,1.19,0.68
sailing-black-22,museum-black-22,0.28,0.80,1.00,wind-surfing-black-22,0.25,0.85,0.97,swimming-black-22,0.23,0.91,0.73,first-aid-black-22,0.33,0.96,0.70,propane-black-22,0.34,0.96,0.85,young-scientist-program-black-22,0.29,0.97,0.84,cans-or-bottles-black-22,0.39,1.01,0.79,propane-bottle-recycling-black-22,0.35,1.01,0.87,breastfeeding-station-black-22,0.33,1.09,0.94,canoe-access-black-22,0.31,1.10,0.93,rowboating-black-22,0.28,1.11,0.88,ranger-station-black-22,0.33,1.12,0.99,safety-caution-alerts-black-22,0.30,1.12,0.97,lounge-black-22,0.40,1.13,0.60,pit-toilet-black-22,0.43,1.15,0.55,visitor-center-black-22,0.34,1.16,0.98,river-rafting-black-22,0.33,1.18,0.90,boat-tour-black-22,0.32,1.18,0.95,stagecoach-rides-black-22,0.30,1.19,0.90,coffee-black-22,0.39,1.19,0.75
sanitary-disposal-station-black-22,life-jackets-black-22,0.29,0.64,0.79,park-film-black-22,0.36,0.65,0.76,lounge-black-22,0.34,0.66,0.76,pit-toilet-black-22,0.36,0.68,0.70,maps-black-22,0.38,0.74,0.69,birding-wildlife-viewing-black-22,0.35,0.75,0.82,junior-ranger-program-black-22,0.35,0.85,0.98,flower-viewing-black-22,0.35,0.87,0.97,sewer-hookup-black-22,0.42,0.87,0.70,wine-black-22,0.31,0.89,0.91,fishing-license-black-22,0.37,0.91,0.93,newspaper-black-22,0.43,0.93,0.90,alcohol-black-22,0.31,0.96,0.73,aed-black-22,0.42,1.02,0.91,first-aid-black-22,0.42,1.03,0.90,propane-black-22,0.38,1.04,0.92,trucks-black-22,0.42,1.04,0.95,cabin-black-22,0.42,1.05,0.89,laundry-black-22,0.42,1.07,0.94,boating-permit-black-22,0.36,1.07,0.72,quagga-mussel-decontamination-station-black-22,0.38,1.09,0.85,video-surveillance-black-22,0.36,1.10,0.72,propane-bottle-recycling-black-22,0.40,1.10,0.91,boat-tour-black-22,0.46,1.10,0.83,cans-or-bottles-black-22,0.38,1.11,1.00,quiet-black-22,0.42,1.13,0.99,museum-black-22,0.38,1.14,0.78,rv-trailer-hookup-black-22,0.42,1.14,0.86,generators-black-22,0.49,1.15,0.92,coffee-black-22,0.46,1.16,0.96,photography-black-22,0.41,1.17,0.91,stagecoach-rides-black-22,0.43,1.17,0.71,aquatic-invasive-species-inspection-sticker-black-22,0.38,1.17,0.73,ticket-sales-black-22,0.46,1.17,0.68,vehicle-ferry-black-22,0.43,1.18,0.78
scenic-viewpoint-black-22,
scuba-diving-black-22,sledding-black-22,0.15,0.91,0.79
sea-lion-viewing-black-22,cans-or-bottles-black-22,0.27,0.72,0.79,waterfowl-black-22,0.22,0.76,0.80,bear-viewing-black-22,0.24,0.77,0.89,exercise-fitness-black-22,0.25,0.84,0.87,pets-off-leash-black-22,0.27,0.84,1.00,deer-viewing-black-22,0.23,0.85,0.78,automobiles-black-22,0.30,0.93,0.90,pets-on-leash-black-22,0.29,0.94,0.98,ranger-station-black-22,0.28,0.96,1.00,museum-black-22,0.34,1.00,0.99,trailer-site-black-22,0.29,1.02,0.89,shuttle-service-black-22,0.32,1.03,0.90,rowboating-black-22,0.29,1.05,0.87,bottles-black-22,0.33,1.07,0.83,bus-stop-black-22,0.31,1.08,0.93,visitor-center-black-22,0.30,1.08,0.99,horseback-riding-black-22,0.29,1.12,0.89,wine-black-22,0.34,1.12,0.87,quiet-black-22,0.35,1.16,0.80,trash-dumpster-black-22,0.33,1.17,0.90,park-film-black-22,0.45,1.18,0.60,vehicle-ferry-black-22,0.33,1.19,0.98,snorkeling-black-22,0.30,1.19,0.64
sea-plane-black-22,
self-guiding-trail-black-22,trailhead-information-black-22,0.28,1.15,0.86
sewer-hookup-black-22,maps-black-22,0.28,0.45,0.99,coffee-black-22,0.30,0.57,0.73,pit-toilet-black-22,0.36,0.61,1.00,first-aid-black-22,0.33,0.63,0.78,metro-station-black-22,0.35,0.63,0.87,lounge-black-22,0.35,0.64,0.91,laundry-black-22,0.35,0.67,0.74,park-film-black-22,0.37,0.69,0.92,life-jackets-black-22,0.39,0.75,0.88,junior-ranger-program-black-22,0.36,0.78,0.68,falling-rocks-black-22,0.37,0.80,0.71,cans-or-bottles-black-22,0.37,0.80,0.70,souvenir-shop-black-22,0.38,0.83,0.69,propane-black-22,0.37,0.84,0.64,passes-and-fees-black-22,0.39,0.84,0.64,propane-bottle-recycling-black-22,0.38,0.87,0.63,sanitary-disposal-station-black-22,0.42,0.87,0.70,newspaper-black-22,0.42,0.88,0.78,generators-black-22,0.41,0.88,0.76,aed-black-22,0.41,0.88,0.77,birding-wildlife-viewing-black-22,0.44,0.89,0.85,lockers-storage-black-22,0.41,0.92,0.68,store-black-22,0.41,0.92,0.69,bottles-black-22,0.41,0.94,0.66,flower-viewing-black-22,0.42,0.95,0.72,flush-toilets-black-22,0.40,0.96,0.58,shuttle-service-black-22,0.40,0.97,0.61,paddle-boating-black-22,0.41,1.00,0.59,gas-station-black-22,0.42,1.00,0.63,river-rafting-black-22,0.41,1.02,0.61,boat-tour-black-22,0.45,1.05,0.58,pets-on-leash-black-22,0.41,1.06,0.56,bus-stop-black-22,0.42,1.07,0.59,cabin-black-22,0.44,1.09,0.62,museum-black-22,0.45,1.09,0.55,visitor-center-black-22,0.42,1.09,0.56,slippery-ramp-black-22,0.44,1.11,0.60,ranger-station-black-22,0.43,1.11,0.56,photography-black-22,0.45,1.12,0.64,automobiles-black-22,0.45,1.14,0.62,directions-black-22,0.45,1.15,0.61,electric-car-charging-black-22,0.45,1.15,0.60,quiet-black-22,0.48,1.16,0.69,breastfeeding-station-black-22,0.43,1.16,0.51,trailhead-information-black-22,0.45,1.18,0.49,pets-off-leash-black-22,0.44,1.18,0.55,personal-watercraft-black-22,0.45,1.20,0.54
shelter-black-22,
shipwreck-black-22,ranger-led-events-black-22,0.20,0.83,0.96,tubing-black-22,0.23,0.91,0.81,floating-dump-station-black-22,0.22,0.92,0.80,safety-caution-alerts-black-22,0.24,0.95,0.61,motorboating-black-22,0.24,1.02,0.86,swimming-black-22,0.27,1.12,0.80,canoe-access-black-22,0.27,1.15,0.55,amphitheater-black-22,0.23,1.17,0.70,airboat-black-22,0.26,1.19,0.78
showers-black-22,
shuttle-service-black-22,cans-or-bottles-black-22,0.36,0.93,0.88,museum-black-22,0.36,0.96,0.89,sewer-hookup-black-22,0.40,0.97,0.61,falling-rocks-black-22,0.34,1.00,0.86,junior-ranger-program-black-22,0.37,1.01,0.90,store-black-22,0.33,1.02,0.89,pit-toilet-black-22,0.42,1.03,0.61,sea-lion-viewing-black-22,0.32,1.03,0.90,coffee-black-22,0.39,1.04,0.84,bus-stop-black-22,0.35,1.08,0.97,lounge-black-22,0.43,1.10,0.67,bottles-black-22,0.38,1.11,0.92,maps-black-22,0.44,1.11,0.61,bear-spray-return-recycling-black-22,0.36,1.13,0.81,souvenir-shop-black-22,0.36,1.13,0.89,ranger-station-black-22,0.35,1.13,0.91,trailer-site-black-22,0.32,1.14,0.80,park-film-black-22,0.47,1.14,0.67,visitor-center-black-22,0.36,1.14,0.92,flush-toilets-black-22,0.38,1.17,0.94,first-aid-black-22,0.39,1.17,0.79,laundry-black-22,0.45,1.18,0.83
sign-black-22,
sign-language-interpretation-black-22,aed-black-22,0.36,1.18,0.57
silence-mobile-devices-black-22,generators-black-22,0.37,1.18,0.75
skateboarding-black-22,
ski-jumping-black-22,
sledding-black-22,scuba-diving-black-22,0.15,0.91,0.79
sleeping-shelter-black-22,picnic-shelter-black-22,0.16,0.59,0.89
slippery-ramp-black-22,stay-back-from-edge-cliff-black-22,0.06,0.15,0.94,slippery-steps-black-22,0.17,0.54,0.71,stay-back-from-edge-shore-black-22,0.26,0.78,0.99,propane-black-22,0.31,0.97,0.93,cans-or-bottles-black-22,0.33,0.98,0.86,laundry-black-22,0.35,1.01,0.80,lounge-black-22,0.39,1.02,0.65,sewer-hookup-black-22,0.44,1.11,0.60,pit-toilet-black-22,0.44,1.13,0.60,coffee-black-22,0.38,1.14,0.82,construction-black-22,0.29,1.17,0.73,passes-and-fees-black-22,0.37,1.17,0.94,falling-rocks-black-22,0.37,1.18,0.84,museum-black-22,0.36,1.18,0.91,propane-bottle-recycling-black-22,0.35,1.20,0.94
slippery-steps-black-22,slippery-ramp-black-22,0.17,0.54,0.71,stay-back-from-edge-cliff-black-22,0.20,0.70,0.76,first-aid-black-22,0.34,1.19,0.55
smoking-area-black-22,
snack-bar-black-22,waterfowl-black-22,0.21,0.72,0.91,ticket-sales-black-22,0.27,0.92,0.98,quiet-black-22,0.29,0.94,0.71,photography-black-22,0.31,0.97,0.76,cans-or-bottles-black-22,0.30,1.00,0.70,alcohol-black-22,0.30,1.18,0.95,airboat-black-22,0.29,1.19,0.84,trash-dumpster-black-22,0.31,1.20,0.79
snorkeling-black-22,sea-lion-viewing-black-22,0.30,1.19,0.64
snowboarding-black-22,surfing-black-22,0.13,0.61,0.79,in-line-skating-black-22,0.22,1.19,0.85
snowmobile-trail-black-22,safety-caution-alerts-black-22,0.21,0.70,0.82,personal-watercraft-black-22,0.23,0.81,0.81,boating-black-22,0.23,0.96,0.73,ranger-led-events-black-22,0.26,1.07,0.77,waterfowl-black-22,0.30,1.13,0.98,ranger-station-black-22,0.28,1.16,0.78,visitor-center-black-22,0.28,1.18,0.77,flush-toilets-black-22,0.29,1.19,0.75
snow-shoeing-black-22,stay-on-trail-black-22,0.19,1.09,0.95,pedestrian-crossing-black-22,0.19,1.18,0.86
souvenir-shop-black-22,first-aid-black-22,0.29,0.69,0.89,lounge-black-22,0.34,0.79,0.76,coffee-black-22,0.31,0.79,0.95,sewer-hookup-black-22,0.38,0.83,0.69,flower-viewing-black-22,0.33,0.89,0.96,maps-black-22,0.40,0.89,0.69,generators-black-22,0.34,0.90,0.91,park-film-black-22,0.39,0.92,0.75,aed-black-22,0.36,0.96,0.90,automobiles-black-22,0.34,1.02,0.89,cans-or-bottles-black-22,0.40,1.12,0.99,shuttle-service-black-22,0.36,1.13,0.89,museum-black-22,0.39,1.17,0.79,newspaper-black-22,0.40,1.17,0.89,flush-toilets-black-22,0.37,1.18,0.84
spring-black-22,flush-toilets-black-22,0.28,0.96,0.92,fishing-black-22,0.26,0.97,0.82,coffee-black-22,0.34,0.99,0.73,first-aid-black-22,0.36,1.07,0.68,museum-black-22,0.34,1.09,0.98,mobile-device-charging-black-22,0.30,1.11,0.96,visitor-center-black-22,0.30,1.14,0.95,ranger-station-black-22,0.31,1.17,0.96,safety-caution-alerts-black-22,0.32,1.19,0.99
stable-black-22,
stagecoach-rides-black-22,ticket-sales-black-22,0.31,0.76,0.96,rv-campground-black-22,0.33,0.92,0.89,boat-tour-black-22,0.37,0.93,0.86,generators-black-22,0.40,0.99,0.65,fish-cleaning-black-22,0.30,1.01,0.84,automobiles-black-22,0.35,1.05,0.80,trailer-site-black-22,0.34,1.09,0.99,bear-viewing-black-22,0.35,1.10,1.00,lounge-black-22,0.43,1.16,0.54,sanitary-disposal-station-black-22,0.43,1.17,0.71,sailing-black-22,0.30,1.19,0.90
star-gazing-black-22,
statue-black-22,monument-black-22,0.14,0.31,0.91,fire-extinguisher-black-22,0.20,0.67,0.80,womens-restroom-black-22,0.24,0.69,0.95,walking-black-22,0.27,0.85,0.88,reservations-black-22,0.34,0.88,0.79,wilderness-black-22,0.25,0.91,0.93,archery-black-22,0.24,0.96,0.91,chapel-black-22,0.37,1.03,0.80,trailhead-black-22,0.27,1.14,0.98,telephone-black-22,0.33,1.16,0.88,construction-black-22,0.31,1.19,0.79,waterfowl-black-22,0.22,1.19,0.78
stay-back-from-edge-cliff-black-22,slippery-ramp-black-22,0.06,0.15,0.94,slippery-steps-black-22,0.20,0.70,0.76,stay-back-from-edge-shore-black-22,0.27,0.87,0.92,propane-black-22,0.31,1.03,0.87,lounge-black-22,0.41,1.15,0.61,laundry-black-22,0.37,1.18,0.75
stay-back-from-edge-shore-black-22,slippery-ramp-black-22,0.26,0.78,0.99,stay-back-from-edge-cliff-black-22,0.27,0.87,0.92,life-jackets-black-22,0.37,0.96,0.69,lounge-black-22,0.38,0.99,0.66,boat-launch-black-22,0.29,1.01,0.88,pit-toilet-black-22,0.42,1.05,0.61,store-black-22,0.36,1.17,0.88,museum-black-22,0.36,1.17,0.90
stay-on-trail-black-22,pedestrian-crossing-black-22,0.13,0.66,0.91,wading-black-22,0.19,0.96,0.96,lifeguard-black-22,0.18,1.07,0.95,snow-shoeing-black-22,0.19,1.09,0.95,whale-viewing-black-22,0.20,1.11,0.96,campfire-black-22,0.21,1.20,0.91
store-black-22,coffee-black-22,0.30,0.75,0.94,life-jackets-black-22,0.33,0.75,0.78,gas-station-black-22,0.28,0.78,0.91,falling-rocks-black-22,0.31,0.83,0.97,ticket-sales-black-22,0.28,0.85,0.69,birding-wildlife-viewing-black-22,0.36,0.89,0.80,sewer-hookup-black-22,0.41,0.92,0.69,paddle-boating-black-22,0.31,0.93,0.87,personal-watercraft-black-22,0.31,0.96,0.78,reservations-black-22,0.28,0.96,0.64,lounge-black-22,0.40,0.96,0.75,canoe-access-black-22,0.32,0.97,0.86,museum-black-22,0.34,0.99,0.80,shuttle-service-black-22,0.33,1.02,0.89,maps-black-22,0.44,1.02,0.68,bear-spray-return-recycling-black-22,0.33,1.05,0.72,park-film-black-22,0.43,1.06,0.75,bear-spray-purchase-black-22,0.31,1.07,0.72,flush-toilets-black-22,0.35,1.08,0.84,breastfeeding-station-black-22,0.33,1.10,0.75,generators-black-22,0.39,1.10,0.91,entrance-station-black-22,0.32,1.12,0.63,newspaper-black-22,0.39,1.12,0.88,boat-tour-black-22,0.35,1.12,0.84,automobiles-black-22,0.36,1.13,0.90,vehicle-ferry-black-22,0.34,1.13,0.79,safety-caution-alerts-black-22,0.34,1.15,0.77,monument-black-22,0.30,1.15,0.55,photography-black-22,0.37,1.16,0.93,dog-sledding-black-22,0.31,1.16,0.56,stay-back-from-edge-shore-black-22,0.36,1.17,0.88,pit-toilet-black-22,0.48,1.17,0.69,climbing-black-22,0.40,1.18,0.96,river-rafting-black-22,0.37,1.18,0.89,chapel-black-22,0.32,1.18,0.63,bottles-black-22,0.39,1.19,0.97
strollers-black-22,
sunny-black-22,tidepooling-black-22,0.20,0.92,0.83,safety-caution-alerts-black-22,0.29,1.18,0.85,kayaking-black-22,0.26,1.19,0.96,first-aid-black-22,0.35,1.20,0.58
supplies-black-22,
surfing-black-22,snowboarding-black-22,0.13,0.61,0.79
swimming-black-22,sailing-black-22,0.23,0.91,0.73,young-scientist-program-black-22,0.23,1.05,0.87,shipwreck-black-22,0.27,1.12,0.80,wind-surfing-black-22,0.27,1.18,0.71,photography-black-22,0.40,1.19,0.63
table-service-black-22,reservations-black-22,0.27,1.10,0.98,bear-spray-return-recycling-black-22,0.31,1.12,0.91,bear-spray-black-22,0.26,1.18,0.84,gas-station-black-22,0.34,1.18,0.72
tactile-exhibit-black-22,pit-toilet-black-22,0.39,0.93,0.59,life-jackets-black-22,0.40,1.07,0.66,wine-black-22,0.34,1.12,0.92,bear-viewing-black-22,0.30,1.16,0.84,lounge-black-22,0.42,1.16,0.64,birding-wildlife-viewing-black-22,0.41,1.17,0.69,park-film-black-22,0.43,1.19,0.64,museum-black-22,0.33,1.20,0.93
technical-rock-climb-black-22,
telephone-black-22,emergency-telephone-black-22,0.15,0.45,0.69,monument-black-22,0.31,0.96,0.80,mens-restroom-black-22,0.36,1.03,0.89,reservations-black-22,0.39,1.06,0.69,statue-black-22,0.33,1.16,0.88
tennis-black-22,walking-black-22,0.17,1.05,0.89
text-telephone-service-black-22,pit-toilet-black-22,0.46,1.18,0.62
theater-black-22,park-film-black-22,0.45,1.08,0.51,trucks-black-22,0.36,1.18,0.71,pit-toilet-black-22,0.45,1.19,0.47
theatre-arts-black-22,
things-to-do-black-22,
ticket-sales-black-22,rv-campground-black-22,0.25,0.41,0.92,generators-black-22,0.27,0.51,0.63,trailer-site-black-22,0.26,0.54,0.97,boat-tour-black-22,0.32,0.67,0.82,bear-viewing-black-22,0.36,0.71,0.96,aed-black-22,0.30,0.73,0.62,coffee-black-22,0.29,0.74,0.65,stagecoach-rides-black-22,0.31,0.76,0.96,rv-trailer-hookup-black-22,0.25,0.77,0.79,store-black-22,0.28,0.85,0.69,vehicle-ferry-black-22,0.40,0.86,0.88,cans-or-bottles-black-22,0.31,0.86,0.68,fish-cleaning-black-22,0.42,0.88,0.88,automobiles-black-22,0.33,0.91,0.77,paddle-boating-black-22,0.29,0.92,0.80,snack-bar-black-22,0.27,0.92,0.98,visitor-center-black-22,0.28,0.96,0.85,pit-toilet-black-22,0.41,0.96,0.48,bridge-black-22,0.48,0.99,0.98,photography-black-22,0.40,0.99,0.75,video-surveillance-black-22,0.32,1.01,0.95,open-captioning-black-22,0.44,1.01,0.78,museum-black-22,0.44,1.01,0.87,rowboating-black-22,0.29,1.02,0.99,safety-caution-alerts-black-22,0.30,1.02,0.90,parking-black-22,0.31,1.03,0.85,park-film-black-22,0.47,1.04,0.52,waterfowl-black-22,0.35,1.04,0.93,ranger-led-events-black-22,0.41,1.04,0.70,trucks-black-22,0.39,1.05,0.72,motorboating-black-22,0.40,1.07,0.79,maps-black-22,0.44,1.08,0.47,lodging-black-22,0.49,1.08,0.91,closed-captioning-black-22,0.45,1.08,0.75,personal-watercraft-black-22,0.31,1.08,0.89,radios-black-22,0.47,1.09,0.80,canoe-access-black-22,0.32,1.12,0.81,ranger-station-black-22,0.31,1.13,0.85,boating-black-22,0.40,1.15,0.67,interpretive-exhibit-black-22,0.37,1.16,0.69,rentals-black-22,0.33,1.16,0.93,sanitary-disposal-station-black-22,0.46,1.17,0.68,tubing-black-22,0.36,1.19,0.84
tidepooling-black-22,sunny-black-22,0.20,0.92,0.83,hang-gliding-black-22,0.18,1.04,0.76
tornado-shelter-black-22,
towing-black-22,rv-campground-black-22,0.27,0.83,0.73,boating-black-22,0.30,1.09,1.00,open-captioning-black-22,0.33,1.16,0.86
trailer-site-black-22,rv-campground-black-22,0.26,0.50,0.89,ticket-sales-black-22,0.26,0.54,0.97,rv-trailer-hookup-black-22,0.22,0.68,0.82,cans-or-bottles-black-22,0.28,0.84,0.71,fish-cleaning-black-22,0.34,0.90,0.85,boat-tour-black-22,0.36,0.94,0.85,generators-black-22,0.38,0.96,0.65,sea-lion-viewing-black-22,0.29,1.02,0.89,photography-black-22,0.40,1.03,0.77,museum-black-22,0.38,1.07,0.90,coffee-black-22,0.35,1.07,0.67,canoe-access-black-22,0.30,1.08,0.83,stagecoach-rides-black-22,0.34,1.09,0.99,paddle-boating-black-22,0.32,1.14,0.83,shuttle-service-black-22,0.32,1.14,0.80,automobiles-black-22,0.37,1.14,0.80,bottles-black-22,0.33,1.18,0.74
trailhead-black-22,monument-black-22,0.28,1.14,0.94,statue-black-22,0.27,1.14,0.98
trailhead-information-black-22,maps-black-22,0.41,1.02,0.49,video-surveillance-black-22,0.32,1.07,0.98,park-film-black-22,0.45,1.09,0.54,self-guiding-trail-black-22,0.28,1.15,0.86,hospital-black-22,0.37,1.16,0.67,sewer-hookup-black-22,0.45,1.18,0.49
tram-tour-black-22,
tramway-black-22,safety-caution-alerts-black-22,0.28,1.19,0.68
transparent-12,
transparent-18,
transparent-black-22,
trash-dumpster-black-22,bottles-black-22,0.28,0.80,0.92,cans-or-bottles-black-22,0.31,0.90,0.88,birding-wildlife-viewing-black-22,0.37,0.97,0.72,park-film-black-22,0.39,1.00,0.67,wine-black-22,0.33,1.07,0.96,hospital-black-22,0.36,1.07,0.84,life-jackets-black-22,0.41,1.11,0.69,sea-lion-viewing-black-22,0.33,1.17,0.90,snack-bar-black-22,0.31,1.20,0.79
trucks-black-22,bus-stop-black-22,0.25,0.58,0.89,pit-toilet-black-22,0.38,0.79,0.66,park-film-black-22,0.39,0.80,0.72,laundry-black-22,0.43,0.87,0.89,maps-black-22,0.43,0.92,0.66,parking-black-22,0.34,0.92,0.84,quagga-mussel-decontamination-station-black-22,0.36,0.92,0.89,aed-black-22,0.39,0.99,0.87,junior-ranger-program-black-22,0.43,1.02,0.97,lounge-black-22,0.43,1.02,0.73,generators-black-22,0.40,1.03,0.88,sanitary-disposal-station-black-22,0.42,1.04,0.95,ticket-sales-black-22,0.39,1.05,0.72,life-jackets-black-22,0.44,1.05,0.75,passes-and-fees-black-22,0.45,1.06,0.96,bottles-black-22,0.44,1.07,1.00,cans-or-bottles-black-22,0.47,1.07,0.95,birding-wildlife-viewing-black-22,0.43,1.08,0.78,hospital-black-22,0.44,1.08,0.91,boat-tour-black-22,0.40,1.08,0.87,newspaper-black-22,0.43,1.13,0.85,fishing-license-black-22,0.37,1.15,0.98,quiet-black-22,0.38,1.17,0.96,museum-black-22,0.44,1.18,0.82,theater-black-22,0.36,1.18,0.71
tubing-black-22,motorboating-black-22,0.22,0.78,0.95,shipwreck-black-22,0.23,0.91,0.81,amphitheater-black-22,0.21,0.95,0.87,airboat-black-22,0.24,0.96,0.97,ranger-led-events-black-22,0.27,1.05,0.84,safety-caution-alerts-black-22,0.28,1.12,0.75,floating-dump-station-black-22,0.27,1.14,0.99,vehicle-ferry-black-22,0.37,1.18,0.73,ticket-sales-black-22,0.36,1.19,0.84,kayaking-black-22,0.24,1.19,0.85
tunnel-black-22,
uneven-walkways-black-22,
utv-black-22,open-captioning-black-22,0.28,1.04,0.98,automobiles-black-22,0.32,1.07,0.59,closed-captioning-black-22,0.30,1.14,0.98
vehicle-ferry-black-22,canoe-access-black-22,0.24,0.73,0.92,ticket-sales-black-22,0.40,0.86,0.88,rowboating-black-22,0.28,0.90,0.89,safety-caution-alerts-black-22,0.29,0.93,0.98,personal-watercraft-black-22,0.28,0.95,0.99,paddle-boating-black-22,0.30,0.96,0.91,museum-black-22,0.37,0.97,0.99,airboat-black-22,0.29,1.01,0.76,motorboating-black-22,0.34,1.01,0.69,automobiles-black-22,0.36,1.01,0.88,generators-black-22,0.41,1.02,0.71,cans-or-bottles-black-22,0.33,1.03,0.78,coffee-black-22,0.35,1.03,0.74,bear-viewing-black-22,0.40,1.04,0.92,waterfowl-black-22,0.36,1.07,0.82,river-rafting-black-22,0.31,1.09,0.89,lounge-black-22,0.41,1.09,0.59,aed-black-22,0.37,1.12,0.70,store-black-22,0.34,1.13,0.79,fish-cleaning-black-22,0.39,1.13,0.77,boat-tour-black-22,0.38,1.14,0.93,first-aid-black-22,0.37,1.15,0.69,ranger-led-events-black-22,0.37,1.15,0.62,cabin-black-22,0.36,1.16,0.87,sanitary-disposal-station-black-22,0.43,1.18,0.78,tubing-black-22,0.37,1.18,0.73,sea-lion-viewing-black-22,0.33,1.19,0.98
vending-machine-black-22,food-service-black-22,0.30,0.87,0.77,entrance-black-22,0.24,0.91,0.84,ice-fishing-black-22,0.24,0.98,0.89,passes-and-fees-black-22,0.43,1.08,0.72,laundry-black-22,0.43,1.12,0.62,gasoline-diesel-black-22,0.34,1.19,0.89,gas-station-black-22,0.38,1.19,0.73
video-surveillance-black-22,bear-viewing-black-22,0.28,0.98,0.98,ticket-sales-black-22,0.32,1.01,0.95,trailhead-information-black-22,0.32,1.07,0.98,sanitary-disposal-station-black-22,0.36,1.10,0.72,wine-black-22,0.31,1.10,0.79
viewing-area-black-22,
visitor-center-black-22,ranger-station-black-22,0.05,0.10,0.99,cans-or-bottles-black-22,0.25,0.62,0.81,safety-caution-alerts-black-22,0.21,0.68,0.94,museum-black-22,0.30,0.89,0.97,coffee-black-22,0.34,0.93,0.77,bear-viewing-black-22,0.26,0.94,0.88,pets-off-leash-black-22,0.29,0.94,0.98,ticket-sales-black-22,0.28,0.96,0.85,breastfeeding-station-black-22,0.30,0.99,0.91,campsite-black-22,0.24,1.00,0.64,personal-watercraft-black-22,0.29,1.01,0.95,bottles-black-22,0.35,1.01,0.85,pit-toilet-black-22,0.42,1.07,0.56,river-rafting-black-22,0.31,1.08,0.92,sea-lion-viewing-black-22,0.30,1.08,0.99,sewer-hookup-black-22,0.42,1.09,0.56,paddle-boating-black-22,0.32,1.10,0.95,library-black-22,0.29,1.10,0.93,spring-black-22,0.30,1.14,0.95,shuttle-service-black-22,0.36,1.14,0.92,pets-on-leash-black-22,0.32,1.16,1.00,sailing-black-22,0.34,1.16,0.98,bus-stop-black-22,0.36,1.17,0.95,snowmobile-trail-black-22,0.28,1.18,0.77
volleyball-black-22,
volume-control-telephone-black-22,
wading-black-22,lifeguard-black-22,0.15,0.69,0.92,stay-on-trail-black-22,0.19,0.96,0.96,young-scientist-program-black-22,0.23,1.00,0.80,safety-caution-alerts-black-22,0.26,1.12,0.69
walking-black-22,low-vision-access-black-22,0.14,0.59,0.98,statue-black-22,0.27,0.85,0.88,monument-black-22,0.29,0.86,0.80,tennis-black-22,0.17,1.05,0.89,fire-extinguisher-black-22,0.27,1.06,0.70,womens-restroom-black-22,0.31,1.06,0.92,archery-black-22,0.24,1.07,0.97,reservations-black-22,0.38,1.11,0.69,wilderness-black-22,0.28,1.19,0.94
walk-on-boardwalk-black-22,
watch-for-falling-ice-black-22,quiet-black-22,0.33,1.08,0.70,pit-toilet-black-22,0.41,1.09,0.48,passes-and-fees-black-22,0.38,1.17,0.76
waterfall-black-22,
waterfowl-black-22,snack-bar-black-22,0.21,0.72,0.91,sea-lion-viewing-black-22,0.22,0.76,0.80,boating-black-22,0.25,0.85,0.72,electrical-hookup-black-22,0.23,0.98,0.92,construction-black-22,0.23,1.03,0.99,ticket-sales-black-22,0.35,1.04,0.93,safety-caution-alerts-black-22,0.28,1.06,0.84,cans-or-bottles-black-22,0.30,1.07,0.64,vehicle-ferry-black-22,0.36,1.07,0.82,fishing-black-22,0.25,1.08,0.98,automobiles-black-22,0.34,1.09,0.72,motorboating-black-22,0.30,1.11,0.85,pets-off-leash-black-22,0.29,1.13,0.80,fish-cleaning-black-22,0.32,1.13,0.94,airboat-black-22,0.28,1.13,0.93,snowmobile-trail-black-22,0.30,1.13,0.98,aquatic-invasive-species-decontamination-station-black-22,0.25,1.17,0.91,statue-black-22,0.22,1.19,0.78,deer-viewing-black-22,0.25,1.19,0.98,pets-on-leash-black-22,0.30,1.20,0.78
water-hookup-black-22,rv-campground-black-22,0.25,0.98,0.95,fish-cleaning-black-22,0.21,1.02,1.00,boat-tour-black-22,0.32,1.19,0.72
waterskiing-black-22,
webcam-black-22,quagga-mussel-decontamination-station-black-22,0.35,1.09,0.97,first-aid-black-22,0.37,1.13,0.74,pit-toilet-black-22,0.45,1.18,0.57
whale-viewing-black-22,lifeguard-black-22,0.19,1.01,0.92,young-scientist-program-black-22,0.23,1.02,0.80,stay-on-trail-black-22,0.20,1.11,0.96,safety-caution-alerts-black-22,0.25,1.13,0.69
wheelchair-accessible-black-22,breastfeeding-station-black-22,0.27,1.17,0.67
wi-fi-black-22,
wilderness-black-22,monument-black-22,0.26,0.88,0.85,statue-black-22,0.25,0.91,0.93,womens-restroom-black-22,0.26,0.98,0.98,reservations-black-22,0.34,1.07,0.73,wood-gathering-black-22,0.22,1.10,0.85,chapel-black-22,0.32,1.10,0.74,ice-cream-black-22,0.28,1.10,0.98,baseball-black-22,0.26,1.16,0.87,walking-black-22,0.28,1.19,0.94
wind-surfing-black-22,sailing-black-22,0.25,0.85,0.97,first-aid-black-22,0.37,1.11,0.73,lounge-black-22,0.41,1.13,0.62,pit-toilet-black-22,0.44,1.15,0.57,swimming-black-22,0.27,1.18,0.71,cans-or-bottles-black-22,0.38,1.19,0.81
wine-black-22,alcohol-black-22,0.16,0.44,0.80,cans-or-bottles-black-22,0.24,0.53,0.91,bottles-black-22,0.24,0.56,0.96,museum-black-22,0.29,0.78,0.86,birding-wildlife-viewing-black-22,0.32,0.79,0.75,park-film-black-22,0.36,0.80,0.69,life-jackets-black-22,0.35,0.84,0.72,pit-toilet-black-22,0.38,0.86,0.64,sanitary-disposal-station-black-22,0.31,0.89,0.91,bottle-filling-station-black-22,0.29,0.90,0.67,hospital-black-22,0.36,0.91,0.87,photography-black-22,0.32,0.95,1.00,reservations-black-22,0.31,1.02,0.69,laundry-black-22,0.40,1.04,0.86,trash-dumpster-black-22,0.33,1.07,0.96,lounge-black-22,0.42,1.07,0.70,climbing-black-22,0.36,1.07,0.89,propane-bottle-recycling-black-22,0.38,1.09,0.99,video-surveillance-black-22,0.31,1.10,0.79,tactile-exhibit-black-22,0.34,1.12,0.92,hunting-black-22,0.28,1.12,0.60,sea-lion-viewing-black-22,0.34,1.12,0.87,first-aid-black-22,0.39,1.14,0.82,propane-black-22,0.39,1.14,0.99,womens-restroom-black-22,0.30,1.14,0.52,litter-receptacle-black-22,0.32,1.15,0.67,bear-box-black-22,0.32,1.16,0.75,mobile-device-charging-black-22,0.37,1.17,0.87,maps-black-22,0.47,1.18,0.63
winter-recreation-area-black-22,flower-viewing-black-22,0.23,0.61,0.74,museum-black-22,0.33,0.99,0.98,first-aid-black-22,0.36,1.10,0.69,safety-caution-alerts-black-22,0.29,1.13,0.99
womens-restroom-black-22,fire-extinguisher-black-22,0.19,0.61,0.76,statue-black-22,0.24,0.69,0.95,monument-black-22,0.27,0.73,0.87,bear-spray-black-22,0.18,0.84,0.88,reservations-black-22,0.35,0.84,0.75,wilderness-black-22,0.26,0.98,0.98,ice-cream-black-22,0.29,1.04,1.00,walking-black-22,0.31,1.06,0.92,bottle-filling-station-black-22,0.23,1.09,0.77,bear-spray-rental-black-22,0.26,1.13,0.67,wine-black-22,0.30,1.14,0.52,hunting-black-22,0.20,1.14,0.86,bear-spray-purchase-black-22,0.27,1.17,0.67,baseball-black-22,0.27,1.19,0.84,bookstore-black-22,0.35,1.19,0.82
wood-gathering-black-22,reservations-black-22,0.23,0.92,0.86,wilderness-black-22,0.22,1.10,0.85,electrical-hookup-black-22,0.27,1.15,0.78,entrance-station-black-22,0.29,1.17,0.88
young-scientist-program-black-22,safety-caution-alerts-black-22,0.20,0.72,0.87,construction-black-22,0.22,0.73,0.95,sailing-black-22,0.29,0.97,0.84,lifeguard-black-22,0.21,0.99,0.73,wading-black-22,0.23,1.00,0.80,whale-viewing-black-22,0.23,1.02,0.80,swimming-black-22,0.23,1.05,0.87,breastfeeding-station-black-22,0.32,1.05,0.90,chapel-black-22,0.30,1.09,0.94
zebra-mussel-decontamination-station-black-22,diving-black-22,0.24,1.19,0.65